AMZN_unscaled,AMZN_monthly,scale,AMZN
3,7.0,0.07,0.21000000000000002
19,7.0,0.07,1.33
28,7.0,0.07,1.9600000000000002
28,7.0,0.07,1.9600000000000002
31,7.0,0.07,2.1700000000000004
34,7.0,0.07,2.3800000000000003
13,7.0,0.07,0.9100000000000001
8,7.0,0.07,0.56
24,7.0,0.07,1.6800000000000002
43,7.0,0.07,3.0100000000000002
17,7.0,0.07,1.1900000000000002
24,7.0,0.07,1.6800000000000002
22,7.0,0.07,1.54
0,7.0,0.07,0.0
3,7.0,0.07,0.21000000000000002
4,7.0,0.07,0.28
23,7.0,0.07,1.61
23,7.0,0.07,1.61
40,7.0,0.07,2.8000000000000003
28,7.0,0.07,1.9600000000000002
13,7.0,0.07,0.9100000000000001
8,7.0,0.07,0.56
29,7.0,0.07,2.0300000000000002
34,7.0,0.07,2.3800000000000003
30,7.0,0.07,2.1
40,7.0,0.07,2.8000000000000003
30,7.0,0.07,2.1
10,7.0,0.07,0.7000000000000001
13,7.0,0.07,0.9100000000000001
44,7.0,0.07,3.08
100,7.0,0.07,7.000000000000001
100,9.0,0.09,9.0
36,9.0,0.09,3.2399999999999998
29,9.0,0.09,2.61
15,9.0,0.09,1.3499999999999999
3,9.0,0.09,0.27
20,9.0,0.09,1.7999999999999998
17,9.0,0.09,1.53
16,9.0,0.09,1.44
22,9.0,0.09,1.98
16,9.0,0.09,1.44
4,9.0,0.09,0.36
2,9.0,0.09,0.18
19,9.0,0.09,1.71
18,9.0,0.09,1.6199999999999999
23,9.0,0.09,2.07
25,9.0,0.09,2.25
14,9.0,0.09,1.26
9,9.0,0.09,0.8099999999999999
6,9.0,0.09,0.54
7,9.0,0.09,0.63
12,9.0,0.09,1.08
17,9.0,0.09,1.53
9,9.0,0.09,0.8099999999999999
13,9.0,0.09,1.17
4,9.0,0.09,0.36
0,9.0,0.09,0.0
10,9.0,0.09,0.8999999999999999
19,9.0,0.09,1.71
15,9.0,0.09,1.3499999999999999
44,6.0,0.06,2.6399999999999997
51,6.0,0.06,3.06
9,6.0,0.06,0.54
13,6.0,0.06,0.78
47,6.0,0.06,2.82
39,6.0,0.06,2.34
37,6.0,0.06,2.2199999999999998
88,6.0,0.06,5.279999999999999
50,6.0,0.06,3.0
11,6.0,0.06,0.6599999999999999
6,6.0,0.06,0.36
35,6.0,0.06,2.1
39,6.0,0.06,2.34
52,6.0,0.06,3.12
47,6.0,0.06,2.82
58,6.0,0.06,3.48
9,6.0,0.06,0.54
12,6.0,0.06,0.72
39,6.0,0.06,2.34
60,6.0,0.06,3.5999999999999996
72,6.0,0.06,4.32
47,6.0,0.06,2.82
54,6.0,0.06,3.2399999999999998
27,6.0,0.06,1.6199999999999999
12,6.0,0.06,0.72
70,6.0,0.06,4.2
100,6.0,0.06,6.0
69,6.0,0.06,4.14
49,6.0,0.06,2.94
95,6.0,0.06,5.7
22,6.0,0.06,1.3199999999999998
5,9.0,0.09,0.44999999999999996
12,9.0,0.09,1.08
11,9.0,0.09,0.99
15,9.0,0.09,1.3499999999999999
16,9.0,0.09,1.44
13,9.0,0.09,1.17
3,9.0,0.09,0.27
0,9.0,0.09,0.0
8,9.0,0.09,0.72
17,9.0,0.09,1.53
13,9.0,0.09,1.17
17,9.0,0.09,1.53
15,9.0,0.09,1.3499999999999999
3,9.0,0.09,0.27
7,9.0,0.09,0.63
17,9.0,0.09,1.53
8,9.0,0.09,0.72
12,9.0,0.09,1.08
15,9.0,0.09,1.3499999999999999
14,9.0,0.09,1.26
0,9.0,0.09,0.0
2,9.0,0.09,0.18
17,9.0,0.09,1.53
18,9.0,0.09,1.6199999999999999
5,9.0,0.09,0.44999999999999996
71,9.0,0.09,6.39
100,9.0,0.09,9.0
18,9.0,0.09,1.6199999999999999
10,9.0,0.09,0.8999999999999999
38,9.0,0.09,3.42
74,6.0,0.06,4.4399999999999995
100,6.0,0.06,6.0
85,6.0,0.06,5.1
55,6.0,0.06,3.3
22,6.0,0.06,1.3199999999999998
17,6.0,0.06,1.02
61,6.0,0.06,3.6599999999999997
38,6.0,0.06,2.28
35,6.0,0.06,2.1
71,6.0,0.06,4.26
80,6.0,0.06,4.8
0,6.0,0.06,0.0
6,6.0,0.06,0.36
26,6.0,0.06,1.56
57,6.0,0.06,3.42
44,6.0,0.06,2.6399999999999997
36,6.0,0.06,2.16
77,6.0,0.06,4.62
18,6.0,0.06,1.08
0,6.0,0.06,0.0
27,6.0,0.06,1.6199999999999999
53,6.0,0.06,3.1799999999999997
44,6.0,0.06,2.6399999999999997
36,6.0,0.06,2.16
34,6.0,0.06,2.04
6,6.0,0.06,0.36
6,6.0,0.06,0.36
11,6.0,0.06,0.6599999999999999
67,6.0,0.06,4.02
44,6.0,0.06,2.6399999999999997
18,6.0,0.06,1.08
100,4.0,0.04,4.0
31,4.0,0.04,1.24
42,4.0,0.04,1.68
52,4.0,0.04,2.08
88,4.0,0.04,3.52
65,4.0,0.04,2.6
54,4.0,0.04,2.16
78,4.0,0.04,3.12
26,4.0,0.04,1.04
32,4.0,0.04,1.28
86,4.0,0.04,3.44
56,4.0,0.04,2.24
57,4.0,0.04,2.2800000000000002
63,4.0,0.04,2.52
70,4.0,0.04,2.8000000000000003
21,4.0,0.04,0.84
54,4.0,0.04,2.16
86,4.0,0.04,3.44
53,4.0,0.04,2.12
62,4.0,0.04,2.48
58,4.0,0.04,2.32
60,4.0,0.04,2.4
26,4.0,0.04,1.04
21,4.0,0.04,0.84
41,4.0,0.04,1.6400000000000001
93,4.0,0.04,3.72
66,4.0,0.04,2.64
33,4.0,0.04,1.32
76,4.0,0.04,3.04
31,4.0,0.04,1.24
12,5.0,0.05,0.6000000000000001
20,5.0,0.05,1.0
22,5.0,0.05,1.1
7,5.0,0.05,0.35000000000000003
18,5.0,0.05,0.9
25,5.0,0.05,1.25
7,5.0,0.05,0.35000000000000003
7,5.0,0.05,0.35000000000000003
18,5.0,0.05,0.9
22,5.0,0.05,1.1
23,5.0,0.05,1.1500000000000001
21,5.0,0.05,1.05
20,5.0,0.05,1.0
8,5.0,0.05,0.4
7,5.0,0.05,0.35000000000000003
13,5.0,0.05,0.65
21,5.0,0.05,1.05
13,5.0,0.05,0.65
28,5.0,0.05,1.4000000000000001
26,5.0,0.05,1.3
12,5.0,0.05,0.6000000000000001
7,5.0,0.05,0.35000000000000003
37,5.0,0.05,1.85
26,5.0,0.05,1.3
24,5.0,0.05,1.2000000000000002
64,5.0,0.05,3.2
100,5.0,0.05,5.0
15,5.0,0.05,0.75
3,5.0,0.05,0.15000000000000002
30,5.0,0.05,1.5
22,5.0,0.05,1.1
52,5.0,0.05,2.6
83,5.0,0.05,4.15
63,5.0,0.05,3.1500000000000004
15,5.0,0.05,0.75
15,5.0,0.05,0.75
53,5.0,0.05,2.6500000000000004
52,5.0,0.05,2.6
47,5.0,0.05,2.35
47,5.0,0.05,2.35
24,5.0,0.05,1.2000000000000002
30,5.0,0.05,1.5
15,5.0,0.05,0.75
23,5.0,0.05,1.1500000000000001
40,5.0,0.05,2.0
35,5.0,0.05,1.75
66,5.0,0.05,3.3000000000000003
93,5.0,0.05,4.65
38,5.0,0.05,1.9000000000000001
0,5.0,0.05,0.0
59,5.0,0.05,2.95
41,5.0,0.05,2.0500000000000003
47,5.0,0.05,2.35
24,5.0,0.05,1.2000000000000002
49,5.0,0.05,2.45
58,5.0,0.05,2.9000000000000004
36,5.0,0.05,1.8
75,5.0,0.05,3.75
45,5.0,0.05,2.25
35,5.0,0.05,1.75
100,5.0,0.05,5.0
67,5.0,0.05,3.35
7,7.0,0.07,0.49000000000000005
4,7.0,0.07,0.28
0,7.0,0.07,0.0
30,7.0,0.07,2.1
35,7.0,0.07,2.45
100,7.0,0.07,7.000000000000001
86,7.0,0.07,6.0200000000000005
39,7.0,0.07,2.7300000000000004
29,7.0,0.07,2.0300000000000002
43,7.0,0.07,3.0100000000000002
48,7.0,0.07,3.3600000000000003
40,7.0,0.07,2.8000000000000003
40,7.0,0.07,2.8000000000000003
33,7.0,0.07,2.31
23,7.0,0.07,1.61
20,7.0,0.07,1.4000000000000001
24,7.0,0.07,1.6800000000000002
21,7.0,0.07,1.4700000000000002
27,7.0,0.07,1.8900000000000001
21,7.0,0.07,1.4700000000000002
36,7.0,0.07,2.5200000000000005
10,7.0,0.07,0.7000000000000001
6,7.0,0.07,0.42000000000000004
29,7.0,0.07,2.0300000000000002
18,7.0,0.07,1.2600000000000002
26,7.0,0.07,1.8200000000000003
29,7.0,0.07,2.0300000000000002
17,7.0,0.07,1.1900000000000002
3,7.0,0.07,0.21000000000000002
13,7.0,0.07,0.9100000000000001
20,7.0,0.07,1.4000000000000001
30,7.0,0.07,2.1
24,7.0,0.07,1.6800000000000002
21,7.0,0.07,1.4700000000000002
24,7.0,0.07,1.6800000000000002
7,7.0,0.07,0.49000000000000005
11,7.0,0.07,0.77
21,7.0,0.07,1.4700000000000002
15,7.0,0.07,1.05
24,7.0,0.07,1.6800000000000002
21,7.0,0.07,1.4700000000000002
22,7.0,0.07,1.54
11,7.0,0.07,0.77
5,7.0,0.07,0.35000000000000003
29,7.0,0.07,2.0300000000000002
24,7.0,0.07,1.6800000000000002
18,7.0,0.07,1.2600000000000002
22,7.0,0.07,1.54
32,7.0,0.07,2.24
7,7.0,0.07,0.49000000000000005
8,7.0,0.07,0.56
29,7.0,0.07,2.0300000000000002
31,7.0,0.07,2.1700000000000004
40,7.0,0.07,2.8000000000000003
100,7.0,0.07,7.000000000000001
77,7.0,0.07,5.390000000000001
29,7.0,0.07,2.0300000000000002
3,7.0,0.07,0.21000000000000002
15,7.0,0.07,1.05
9,7.0,0.07,0.6300000000000001
36,7.0,0.07,2.5200000000000005
78,5.0,0.05,3.9000000000000004
76,5.0,0.05,3.8000000000000003
66,5.0,0.05,3.3000000000000003
49,5.0,0.05,2.45
98,5.0,0.05,4.9
45,5.0,0.05,2.25
68,5.0,0.05,3.4000000000000004
74,5.0,0.05,3.7
97,5.0,0.05,4.8500000000000005
8,5.0,0.05,0.4
0,5.0,0.05,0.0
67,5.0,0.05,3.35
59,5.0,0.05,2.95
47,5.0,0.05,2.35
73,5.0,0.05,3.6500000000000004
41,5.0,0.05,2.0500000000000003
24,5.0,0.05,1.2000000000000002
25,5.0,0.05,1.25
91,5.0,0.05,4.55
72,5.0,0.05,3.6
92,5.0,0.05,4.6000000000000005
17,5.0,0.05,0.8500000000000001
55,5.0,0.05,2.75
56,5.0,0.05,2.8000000000000003
55,5.0,0.05,2.75
100,5.0,0.05,5.0
99,5.0,0.05,4.95
100,5.0,0.05,5.0
94,5.0,0.05,4.7
85,5.0,0.05,4.25
30,5.0,0.05,1.5
11,5.0,0.05,0.55
55,5.0,0.05,2.75
81,5.0,0.05,4.05
76,5.0,0.05,3.8000000000000003
93,5.0,0.05,4.65
52,5.0,0.05,2.6
23,5.0,0.05,1.1500000000000001
22,5.0,0.05,1.1
54,5.0,0.05,2.7
82,5.0,0.05,4.1000000000000005
52,5.0,0.05,2.6
53,5.0,0.05,2.6500000000000004
92,5.0,0.05,4.6000000000000005
38,5.0,0.05,1.9000000000000001
15,5.0,0.05,0.75
47,5.0,0.05,2.35
81,5.0,0.05,4.05
86,5.0,0.05,4.3
84,5.0,0.05,4.2
75,5.0,0.05,3.75
44,5.0,0.05,2.2
8,5.0,0.05,0.4
60,5.0,0.05,3.0
22,5.0,0.05,1.1
65,5.0,0.05,3.25
85,5.0,0.05,4.25
62,5.0,0.05,3.1
38,5.0,0.05,1.9000000000000001
12,5.0,0.05,0.6000000000000001
100,5.0,0.05,5.0
7,9.0,0.09,0.63
9,9.0,0.09,0.8099999999999999
14,9.0,0.09,1.26
8,9.0,0.09,0.72
3,9.0,0.09,0.27
3,9.0,0.09,0.27
29,9.0,0.09,2.61
15,9.0,0.09,1.3499999999999999
17,9.0,0.09,1.53
14,9.0,0.09,1.26
11,9.0,0.09,0.99
9,9.0,0.09,0.8099999999999999
2,9.0,0.09,0.18
22,9.0,0.09,1.98
12,9.0,0.09,1.08
14,9.0,0.09,1.26
8,9.0,0.09,0.72
21,9.0,0.09,1.89
4,9.0,0.09,0.36
6,9.0,0.09,0.54
5,9.0,0.09,0.44999999999999996
14,9.0,0.09,1.26
10,9.0,0.09,0.8999999999999999
20,9.0,0.09,1.7999999999999998
30,9.0,0.09,2.6999999999999997
12,9.0,0.09,1.08
6,9.0,0.09,0.54
17,9.0,0.09,1.53
77,9.0,0.09,6.93
100,9.0,0.09,9.0
53,9.0,0.09,4.77
100,7.0,0.07,7.000000000000001
53,7.0,0.07,3.7100000000000004
17,7.0,0.07,1.1900000000000002
81,7.0,0.07,5.670000000000001
68,7.0,0.07,4.760000000000001
72,7.0,0.07,5.040000000000001
62,7.0,0.07,4.340000000000001
68,7.0,0.07,4.760000000000001
16,7.0,0.07,1.12
11,7.0,0.07,0.77
42,7.0,0.07,2.9400000000000004
48,7.0,0.07,3.3600000000000003
53,7.0,0.07,3.7100000000000004
56,7.0,0.07,3.9200000000000004
64,7.0,0.07,4.48
31,7.0,0.07,2.1700000000000004
27,7.0,0.07,1.8900000000000001
19,7.0,0.07,1.33
51,7.0,0.07,3.5700000000000003
47,7.0,0.07,3.2900000000000005
40,7.0,0.07,2.8000000000000003
35,7.0,0.07,2.45
15,7.0,0.07,1.05
4,7.0,0.07,0.28
41,7.0,0.07,2.87
58,7.0,0.07,4.0600000000000005
46,7.0,0.07,3.22
45,7.0,0.07,3.1500000000000004
57,5.0,0.05,2.85
22,5.0,0.05,1.1
16,5.0,0.05,0.8
64,5.0,0.05,3.2
87,5.0,0.05,4.3500000000000005
94,5.0,0.05,4.7
70,5.0,0.05,3.5
79,5.0,0.05,3.95
29,5.0,0.05,1.4500000000000002
36,5.0,0.05,1.8
68,5.0,0.05,3.4000000000000004
66,5.0,0.05,3.3000000000000003
74,5.0,0.05,3.7
100,5.0,0.05,5.0
87,5.0,0.05,4.3500000000000005
27,5.0,0.05,1.35
20,5.0,0.05,1.0
66,5.0,0.05,3.3000000000000003
85,5.0,0.05,4.25
82,5.0,0.05,4.1000000000000005
54,5.0,0.05,2.7
81,5.0,0.05,4.05
23,5.0,0.05,1.1500000000000001
16,5.0,0.05,0.8
69,5.0,0.05,3.45
32,5.0,0.05,1.6
63,5.0,0.05,3.1500000000000004
59,5.0,0.05,2.95
45,5.0,0.05,2.25
24,5.0,0.05,1.2000000000000002
7,5.0,0.05,0.35000000000000003
9,8.0,0.08,0.72
15,8.0,0.08,1.2
12,8.0,0.08,0.96
16,8.0,0.08,1.28
12,8.0,0.08,0.96
4,8.0,0.08,0.32
7,8.0,0.08,0.56
15,8.0,0.08,1.2
13,8.0,0.08,1.04
15,8.0,0.08,1.2
20,8.0,0.08,1.6
19,8.0,0.08,1.52
7,8.0,0.08,0.56
8,8.0,0.08,0.64
21,8.0,0.08,1.68
23,8.0,0.08,1.84
17,8.0,0.08,1.36
19,8.0,0.08,1.52
14,8.0,0.08,1.12
6,8.0,0.08,0.48
6,8.0,0.08,0.48
17,8.0,0.08,1.36
22,8.0,0.08,1.76
32,8.0,0.08,2.56
76,8.0,0.08,6.08
100,8.0,0.08,8.0
24,8.0,0.08,1.92
6,8.0,0.08,0.48
33,8.0,0.08,2.64
33,8.0,0.08,2.64
100,6.0,0.06,6.0
95,6.0,0.06,5.7
99,6.0,0.06,5.9399999999999995
24,6.0,0.06,1.44
31,6.0,0.06,1.8599999999999999
94,6.0,0.06,5.64
93,6.0,0.06,5.58
66,6.0,0.06,3.96
98,6.0,0.06,5.88
57,6.0,0.06,3.42
41,6.0,0.06,2.46
7,6.0,0.06,0.42
77,6.0,0.06,4.62
81,6.0,0.06,4.859999999999999
99,6.0,0.06,5.9399999999999995
66,6.0,0.06,3.96
60,6.0,0.06,3.5999999999999996
28,6.0,0.06,1.68
17,6.0,0.06,1.02
81,6.0,0.06,4.859999999999999
56,6.0,0.06,3.36
70,6.0,0.06,4.2
58,6.0,0.06,3.48
75,6.0,0.06,4.5
18,6.0,0.06,1.08
26,6.0,0.06,1.56
27,6.0,0.06,1.6199999999999999
70,6.0,0.06,4.2
70,6.0,0.06,4.2
66,6.0,0.06,3.96
67,6.0,0.06,4.02
21,5.0,0.05,1.05
17,5.0,0.05,0.8500000000000001
51,5.0,0.05,2.5500000000000003
73,5.0,0.05,3.6500000000000004
100,5.0,0.05,5.0
48,5.0,0.05,2.4000000000000004
92,5.0,0.05,4.6000000000000005
43,5.0,0.05,2.15
36,5.0,0.05,1.8
80,5.0,0.05,4.0
75,5.0,0.05,3.75
42,5.0,0.05,2.1
63,5.0,0.05,3.1500000000000004
64,5.0,0.05,3.2
18,5.0,0.05,0.9
22,5.0,0.05,1.1
49,5.0,0.05,2.45
39,5.0,0.05,1.9500000000000002
57,5.0,0.05,2.85
52,5.0,0.05,2.6
68,5.0,0.05,3.4000000000000004
11,5.0,0.05,0.55
7,5.0,0.05,0.35000000000000003
29,5.0,0.05,1.4500000000000002
54,5.0,0.05,2.7
42,5.0,0.05,2.1
61,5.0,0.05,3.0500000000000003
54,5.0,0.05,2.7
46,5.0,0.05,2.3000000000000003
7,5.0,0.05,0.35000000000000003
21,8.0,0.08,1.68
26,8.0,0.08,2.08
20,8.0,0.08,1.6
6,8.0,0.08,0.48
16,8.0,0.08,1.28
13,8.0,0.08,1.04
15,8.0,0.08,1.2
18,8.0,0.08,1.44
19,8.0,0.08,1.52
23,8.0,0.08,1.84
35,8.0,0.08,2.8000000000000003
44,8.0,0.08,3.52
14,8.0,0.08,1.12
17,8.0,0.08,1.36
34,8.0,0.08,2.72
34,8.0,0.08,2.72
29,8.0,0.08,2.32
30,8.0,0.08,2.4
30,8.0,0.08,2.4
8,8.0,0.08,0.64
8,8.0,0.08,0.64
22,8.0,0.08,1.76
21,8.0,0.08,1.68
22,8.0,0.08,1.76
96,8.0,0.08,7.68
100,8.0,0.08,8.0
24,8.0,0.08,1.92
10,8.0,0.08,0.8
37,8.0,0.08,2.96
34,8.0,0.08,2.72
29,8.0,0.08,2.32
82,7.0,0.07,5.74
43,7.0,0.07,3.0100000000000002
27,7.0,0.07,1.8900000000000001
28,7.0,0.07,1.9600000000000002
52,7.0,0.07,3.6400000000000006
100,7.0,0.07,7.000000000000001
66,7.0,0.07,4.62
63,7.0,0.07,4.41
62,7.0,0.07,4.340000000000001
18,7.0,0.07,1.2600000000000002
19,7.0,0.07,1.33
48,7.0,0.07,3.3600000000000003
40,7.0,0.07,2.8000000000000003
55,7.0,0.07,3.8500000000000005
57,7.0,0.07,3.99
70,7.0,0.07,4.9
19,7.0,0.07,1.33
14,7.0,0.07,0.9800000000000001
63,7.0,0.07,4.41
55,7.0,0.07,3.8500000000000005
66,7.0,0.07,4.62
60,7.0,0.07,4.2
62,7.0,0.07,4.340000000000001
18,7.0,0.07,1.2600000000000002
18,7.0,0.07,1.2600000000000002
50,7.0,0.07,3.5000000000000004
61,7.0,0.07,4.2700000000000005
72,7.0,0.07,5.040000000000001
55,7.0,0.07,3.8500000000000005
72,7.0,0.07,5.040000000000001
13,7.0,0.07,0.9100000000000001
9,6.0,0.06,0.54
25,6.0,0.06,1.5
72,6.0,0.06,4.32
84,6.0,0.06,5.04
75,6.0,0.06,4.5
57,6.0,0.06,3.42
26,6.0,0.06,1.56
14,6.0,0.06,0.84
66,6.0,0.06,3.96
60,6.0,0.06,3.5999999999999996
71,6.0,0.06,4.26
57,6.0,0.06,3.42
47,6.0,0.06,2.82
9,6.0,0.06,0.54
20,6.0,0.06,1.2
54,6.0,0.06,3.2399999999999998
80,6.0,0.06,4.8
93,6.0,0.06,5.58
98,6.0,0.06,5.88
100,6.0,0.06,6.0
27,6.0,0.06,1.6199999999999999
29,6.0,0.06,1.74
65,6.0,0.06,3.9
67,6.0,0.06,4.02
73,6.0,0.06,4.38
59,6.0,0.06,3.54
95,6.0,0.06,5.7
18,6.0,0.06,1.08
21,6.0,0.06,1.26
48,6.0,0.06,2.88
17,11.0,0.11,1.87
15,11.0,0.11,1.65
15,11.0,0.11,1.65
19,11.0,0.11,2.09
6,11.0,0.11,0.66
7,11.0,0.11,0.77
15,11.0,0.11,1.65
19,11.0,0.11,2.09
11,11.0,0.11,1.21
17,11.0,0.11,1.87
16,11.0,0.11,1.76
6,11.0,0.11,0.66
4,11.0,0.11,0.44
13,11.0,0.11,1.43
10,11.0,0.11,1.1
19,11.0,0.11,2.09
14,11.0,0.11,1.54
27,11.0,0.11,2.97
11,11.0,0.11,1.21
10,11.0,0.11,1.1
16,11.0,0.11,1.76
24,11.0,0.11,2.64
25,11.0,0.11,2.75
65,11.0,0.11,7.15
100,11.0,0.11,11.0
16,11.0,0.11,1.76
7,11.0,0.11,0.77
32,11.0,0.11,3.52
23,11.0,0.11,2.53
30,11.0,0.11,3.3
20,11.0,0.11,2.2
91,9.0,0.09,8.19
27,9.0,0.09,2.4299999999999997
33,9.0,0.09,2.9699999999999998
68,9.0,0.09,6.12
49,9.0,0.09,4.41
61,9.0,0.09,5.49
91,9.0,0.09,8.19
56,9.0,0.09,5.04
31,9.0,0.09,2.79
14,9.0,0.09,1.26
74,9.0,0.09,6.66
67,9.0,0.09,6.029999999999999
100,9.0,0.09,9.0
84,9.0,0.09,7.56
75,9.0,0.09,6.75
33,9.0,0.09,2.9699999999999998
24,9.0,0.09,2.16
68,9.0,0.09,6.12
82,9.0,0.09,7.38
70,9.0,0.09,6.3
71,9.0,0.09,6.39
58,9.0,0.09,5.22
22,9.0,0.09,1.98
12,9.0,0.09,1.08
52,9.0,0.09,4.68
91,9.0,0.09,8.19
62,9.0,0.09,5.58
30,9.0,0.09,2.6999999999999997
65,9.0,0.09,5.85
26,9.0,0.09,2.34
14,10.0,0.1,1.4000000000000001
100,10.0,0.1,10.0
59,10.0,0.1,5.9
50,10.0,0.1,5.0
37,10.0,0.1,3.7
29,10.0,0.1,2.9000000000000004
12,10.0,0.1,1.2000000000000002
9,10.0,0.1,0.9
27,10.0,0.1,2.7
42,10.0,0.1,4.2
26,10.0,0.1,2.6
25,10.0,0.1,2.5
36,10.0,0.1,3.6
25,10.0,0.1,2.5
12,10.0,0.1,1.2000000000000002
30,10.0,0.1,3.0
41,10.0,0.1,4.1000000000000005
42,10.0,0.1,4.2
34,10.0,0.1,3.4000000000000004
54,10.0,0.1,5.4
17,10.0,0.1,1.7000000000000002
13,10.0,0.1,1.3
33,10.0,0.1,3.3000000000000003
46,10.0,0.1,4.6000000000000005
13,10.0,0.1,1.3
42,10.0,0.1,4.2
36,10.0,0.1,3.6
20,10.0,0.1,2.0
13,10.0,0.1,1.3
33,10.0,0.1,3.3000000000000003
37,10.0,0.1,3.7
4,13.0,0.13,0.52
14,13.0,0.13,1.82
16,13.0,0.13,2.08
7,13.0,0.13,0.91
5,13.0,0.13,0.65
16,13.0,0.13,2.08
15,13.0,0.13,1.9500000000000002
17,13.0,0.13,2.21
14,13.0,0.13,1.82
16,13.0,0.13,2.08
6,13.0,0.13,0.78
2,13.0,0.13,0.26
17,13.0,0.13,2.21
15,13.0,0.13,1.9500000000000002
14,13.0,0.13,1.82
17,13.0,0.13,2.21
17,13.0,0.13,2.21
9,13.0,0.13,1.17
6,13.0,0.13,0.78
9,13.0,0.13,1.17
14,13.0,0.13,1.82
17,13.0,0.13,2.21
21,13.0,0.13,2.73
18,13.0,0.13,2.34
7,13.0,0.13,0.91
5,13.0,0.13,0.65
20,13.0,0.13,2.6
20,13.0,0.13,2.6
27,13.0,0.13,3.5100000000000002
68,13.0,0.13,8.84
100,13.0,0.13,13.0
57,13.0,0.13,7.41
27,13.0,0.13,3.5100000000000002
100,13.0,0.13,13.0
68,13.0,0.13,8.84
57,13.0,0.13,7.41
55,13.0,0.13,7.15
67,13.0,0.13,8.71
17,13.0,0.13,2.21
8,13.0,0.13,1.04
42,13.0,0.13,5.46
38,13.0,0.13,4.94
61,13.0,0.13,7.930000000000001
53,13.0,0.13,6.890000000000001
47,13.0,0.13,6.11
14,13.0,0.13,1.82
6,13.0,0.13,0.78
14,13.0,0.13,1.82
37,13.0,0.13,4.8100000000000005
43,13.0,0.13,5.59
47,13.0,0.13,6.11
42,13.0,0.13,5.46
16,13.0,0.13,2.08
8,13.0,0.13,1.04
26,13.0,0.13,3.38
42,13.0,0.13,5.46
57,13.0,0.13,7.41
40,13.0,0.13,5.2
38,13.0,0.13,4.94
19,9.0,0.09,1.71
11,9.0,0.09,0.99
38,9.0,0.09,3.42
54,9.0,0.09,4.859999999999999
71,9.0,0.09,6.39
44,9.0,0.09,3.96
56,9.0,0.09,5.04
14,9.0,0.09,1.26
19,9.0,0.09,1.71
35,9.0,0.09,3.15
46,9.0,0.09,4.14
43,9.0,0.09,3.8699999999999997
100,9.0,0.09,9.0
70,9.0,0.09,6.3
25,9.0,0.09,2.25
15,9.0,0.09,1.3499999999999999
58,9.0,0.09,5.22
64,9.0,0.09,5.76
57,9.0,0.09,5.13
51,9.0,0.09,4.59
49,9.0,0.09,4.41
21,9.0,0.09,1.89
11,9.0,0.09,0.99
52,9.0,0.09,4.68
47,9.0,0.09,4.2299999999999995
44,9.0,0.09,3.96
52,9.0,0.09,4.68
67,9.0,0.09,6.029999999999999
8,9.0,0.09,0.72
11,9.0,0.09,0.99
65,9.0,0.09,5.85
29,16.0,0.16,4.64
37,16.0,0.16,5.92
29,16.0,0.16,4.64
33,16.0,0.16,5.28
9,16.0,0.16,1.44
4,16.0,0.16,0.64
27,16.0,0.16,4.32
26,16.0,0.16,4.16
29,16.0,0.16,4.64
32,16.0,0.16,5.12
34,16.0,0.16,5.44
9,16.0,0.16,1.44
6,16.0,0.16,0.96
33,16.0,0.16,5.28
20,16.0,0.16,3.2
16,16.0,0.16,2.56
25,16.0,0.16,4.0
15,16.0,0.16,2.4
3,16.0,0.16,0.48
5,16.0,0.16,0.8
27,16.0,0.16,4.32
34,16.0,0.16,5.44
26,16.0,0.16,4.16
79,16.0,0.16,12.64
100,16.0,0.16,16.0
35,16.0,0.16,5.6000000000000005
17,16.0,0.16,2.72
62,16.0,0.16,9.92
40,16.0,0.16,6.4
47,16.0,0.16,7.5200000000000005
81,13.0,0.13,10.530000000000001
82,13.0,0.13,10.66
33,13.0,0.13,4.29
18,13.0,0.13,2.34
72,13.0,0.13,9.36
93,13.0,0.13,12.09
82,13.0,0.13,10.66
94,13.0,0.13,12.22
100,13.0,0.13,13.0
26,13.0,0.13,3.38
22,13.0,0.13,2.8600000000000003
77,13.0,0.13,10.01
69,13.0,0.13,8.97
60,13.0,0.13,7.800000000000001
81,13.0,0.13,10.530000000000001
76,13.0,0.13,9.88
28,13.0,0.13,3.64
11,13.0,0.13,1.4300000000000002
69,13.0,0.13,8.97
71,13.0,0.13,9.23
52,13.0,0.13,6.76
75,13.0,0.13,9.75
71,13.0,0.13,9.23
23,13.0,0.13,2.99
21,13.0,0.13,2.73
15,13.0,0.13,1.9500000000000002
71,13.0,0.13,9.23
70,13.0,0.13,9.1
57,13.0,0.13,7.41
71,13.0,0.13,9.23
14,13.0,0.13,1.82
7,14.0,0.14,0.9800000000000001
31,14.0,0.14,4.340000000000001
21,14.0,0.14,2.9400000000000004
29,14.0,0.14,4.0600000000000005
48,14.0,0.14,6.720000000000001
51,14.0,0.14,7.140000000000001
13,14.0,0.14,1.8200000000000003
9,14.0,0.14,1.2600000000000002
27,14.0,0.14,3.7800000000000002
36,14.0,0.14,5.040000000000001
42,14.0,0.14,5.880000000000001
40,14.0,0.14,5.6000000000000005
36,14.0,0.14,5.040000000000001
9,14.0,0.14,1.2600000000000002
9,14.0,0.14,1.2600000000000002
34,14.0,0.14,4.760000000000001
40,14.0,0.14,5.6000000000000005
100,14.0,0.14,14.000000000000002
74,14.0,0.14,10.360000000000001
41,14.0,0.14,5.74
7,14.0,0.14,0.9800000000000001
9,14.0,0.14,1.2600000000000002
32,14.0,0.14,4.48
25,14.0,0.14,3.5000000000000004
34,14.0,0.14,4.760000000000001
22,14.0,0.14,3.08
23,14.0,0.14,3.22
10,14.0,0.14,1.4000000000000001
5,14.0,0.14,0.7000000000000001
28,14.0,0.14,3.9200000000000004
14,16.0,0.16,2.24
14,16.0,0.16,2.24
16,16.0,0.16,2.56
6,16.0,0.16,0.96
3,16.0,0.16,0.48
6,16.0,0.16,0.96
13,16.0,0.16,2.08
12,16.0,0.16,1.92
13,16.0,0.16,2.08
15,16.0,0.16,2.4
27,16.0,0.16,4.32
8,16.0,0.16,1.28
6,16.0,0.16,0.96
20,16.0,0.16,3.2
20,16.0,0.16,3.2
14,16.0,0.16,2.24
14,16.0,0.16,2.24
19,16.0,0.16,3.04
5,16.0,0.16,0.8
7,16.0,0.16,1.12
14,16.0,0.16,2.24
14,16.0,0.16,2.24
15,16.0,0.16,2.4
49,16.0,0.16,7.84
100,16.0,0.16,16.0
20,16.0,0.16,3.2
8,16.0,0.16,1.28
30,16.0,0.16,4.8
23,16.0,0.16,3.68
19,16.0,0.16,3.04
25,16.0,0.16,4.0
100,11.0,0.11,11.0
29,11.0,0.11,3.19
13,11.0,0.11,1.43
79,11.0,0.11,8.69
73,11.0,0.11,8.03
60,11.0,0.11,6.6
40,11.0,0.11,4.4
42,11.0,0.11,4.62
13,11.0,0.11,1.43
20,11.0,0.11,2.2
60,11.0,0.11,6.6
77,11.0,0.11,8.47
75,11.0,0.11,8.25
75,11.0,0.11,8.25
71,11.0,0.11,7.81
13,11.0,0.11,1.43
3,11.0,0.11,0.33
49,11.0,0.11,5.39
44,11.0,0.11,4.84
41,11.0,0.11,4.51
52,11.0,0.11,5.72
40,11.0,0.11,4.4
9,11.0,0.11,0.99
10,11.0,0.11,1.1
58,11.0,0.11,6.38
65,11.0,0.11,7.15
51,11.0,0.11,5.61
64,11.0,0.11,7.04
48,11.0,0.11,5.28
10,11.0,0.11,1.1
23,11.0,0.11,2.53
9,8.0,0.08,0.72
69,8.0,0.08,5.5200000000000005
69,8.0,0.08,5.5200000000000005
69,8.0,0.08,5.5200000000000005
87,8.0,0.08,6.96
57,8.0,0.08,4.5600000000000005
10,8.0,0.08,0.8
100,8.0,0.08,8.0
89,8.0,0.08,7.12
84,8.0,0.08,6.72
80,8.0,0.08,6.4
64,8.0,0.08,5.12
29,8.0,0.08,2.32
19,8.0,0.08,1.52
34,8.0,0.08,2.72
73,8.0,0.08,5.84
65,8.0,0.08,5.2
85,8.0,0.08,6.8
98,8.0,0.08,7.84
10,8.0,0.08,0.8
5,8.0,0.08,0.4
73,8.0,0.08,5.84
87,8.0,0.08,6.96
66,8.0,0.08,5.28
58,8.0,0.08,4.64
65,8.0,0.08,5.2
15,8.0,0.08,1.2
29,8.0,0.08,2.32
53,8.0,0.08,4.24
34,8.0,0.08,2.72
12,13.0,0.13,1.56
11,13.0,0.13,1.4300000000000002
11,13.0,0.13,1.4300000000000002
5,13.0,0.13,0.65
3,13.0,0.13,0.39
7,13.0,0.13,0.91
12,13.0,0.13,1.56
13,13.0,0.13,1.69
13,13.0,0.13,1.69
11,13.0,0.13,1.4300000000000002
4,13.0,0.13,0.52
4,13.0,0.13,0.52
13,13.0,0.13,1.69
15,13.0,0.13,1.9500000000000002
20,13.0,0.13,2.6
21,13.0,0.13,2.73
16,13.0,0.13,2.08
4,13.0,0.13,0.52
1,13.0,0.13,0.13
14,13.0,0.13,1.82
15,13.0,0.13,1.9500000000000002
15,13.0,0.13,1.9500000000000002
64,13.0,0.13,8.32
100,13.0,0.13,13.0
18,13.0,0.13,2.34
13,13.0,0.13,1.69
33,13.0,0.13,4.29
21,13.0,0.13,2.73
21,13.0,0.13,2.73
15,13.0,0.13,1.9500000000000002
18,13.0,0.13,2.34
32,10.0,0.1,3.2
31,10.0,0.1,3.1
55,10.0,0.1,5.5
90,10.0,0.1,9.0
74,10.0,0.1,7.4
99,10.0,0.1,9.9
75,10.0,0.1,7.5
37,10.0,0.1,3.7
12,10.0,0.1,1.2000000000000002
63,10.0,0.1,6.300000000000001
73,10.0,0.1,7.300000000000001
100,10.0,0.1,10.0
75,10.0,0.1,7.5
86,10.0,0.1,8.6
32,10.0,0.1,3.2
24,10.0,0.1,2.4000000000000004
72,10.0,0.1,7.2
78,10.0,0.1,7.800000000000001
92,10.0,0.1,9.200000000000001
56,10.0,0.1,5.6000000000000005
68,10.0,0.1,6.800000000000001
34,10.0,0.1,3.4000000000000004
24,10.0,0.1,2.4000000000000004
55,10.0,0.1,5.5
63,10.0,0.1,6.300000000000001
49,10.0,0.1,4.9
29,10.0,0.1,2.9000000000000004
56,10.0,0.1,5.6000000000000005
20,10.0,0.1,2.0
15,10.0,0.1,1.5
100,9.0,0.09,9.0
72,9.0,0.09,6.4799999999999995
72,9.0,0.09,6.4799999999999995
79,9.0,0.09,7.109999999999999
68,9.0,0.09,6.12
28,9.0,0.09,2.52
19,9.0,0.09,1.71
65,9.0,0.09,5.85
59,9.0,0.09,5.31
68,9.0,0.09,6.12
56,9.0,0.09,5.04
78,9.0,0.09,7.02
20,9.0,0.09,1.7999999999999998
8,9.0,0.09,0.72
61,9.0,0.09,5.49
75,9.0,0.09,6.75
61,9.0,0.09,5.49
85,9.0,0.09,7.6499999999999995
76,9.0,0.09,6.84
33,9.0,0.09,2.9699999999999998
13,9.0,0.09,1.17
57,9.0,0.09,5.13
62,9.0,0.09,5.58
26,9.0,0.09,2.34
26,9.0,0.09,2.34
66,9.0,0.09,5.9399999999999995
24,9.0,0.09,2.16
30,9.0,0.09,2.6999999999999997
46,9.0,0.09,4.14
52,9.0,0.09,4.68
43,9.0,0.09,3.8699999999999997
5,12.0,0.12,0.6
10,12.0,0.12,1.2
6,12.0,0.12,0.72
4,12.0,0.12,0.48
15,12.0,0.12,1.7999999999999998
13,12.0,0.12,1.56
13,12.0,0.12,1.56
17,12.0,0.12,2.04
14,12.0,0.12,1.68
6,12.0,0.12,0.72
2,12.0,0.12,0.24
14,12.0,0.12,1.68
16,12.0,0.12,1.92
14,12.0,0.12,1.68
14,12.0,0.12,1.68
16,12.0,0.12,1.92
4,12.0,0.12,0.48
4,12.0,0.12,0.48
8,12.0,0.12,0.96
13,12.0,0.12,1.56
20,12.0,0.12,2.4
22,12.0,0.12,2.6399999999999997
17,12.0,0.12,2.04
5,12.0,0.12,0.6
4,12.0,0.12,0.48
14,12.0,0.12,1.68
17,12.0,0.12,2.04
15,12.0,0.12,1.7999999999999998
62,12.0,0.12,7.4399999999999995
100,12.0,0.12,12.0
20,12.0,0.12,2.4
37,12.0,0.12,4.4399999999999995
98,12.0,0.12,11.76
99,12.0,0.12,11.879999999999999
100,12.0,0.12,12.0
86,12.0,0.12,10.32
96,12.0,0.12,11.52
39,12.0,0.12,4.68
23,12.0,0.12,2.76
51,12.0,0.12,6.12
87,12.0,0.12,10.44
69,12.0,0.12,8.28
53,12.0,0.12,6.359999999999999
76,12.0,0.12,9.12
22,12.0,0.12,2.6399999999999997
20,12.0,0.12,2.4
43,12.0,0.12,5.16
71,12.0,0.12,8.52
50,12.0,0.12,6.0
66,12.0,0.12,7.92
46,12.0,0.12,5.52
23,12.0,0.12,2.76
21,12.0,0.12,2.52
48,12.0,0.12,5.76
54,12.0,0.12,6.4799999999999995
65,12.0,0.12,7.8
74,12.0,0.12,8.879999999999999
57,12.0,0.12,6.84
14,12.0,0.12,1.68
26,7.0,0.07,1.8200000000000003
71,7.0,0.07,4.970000000000001
77,7.0,0.07,5.390000000000001
72,7.0,0.07,5.040000000000001
85,7.0,0.07,5.95
54,7.0,0.07,3.7800000000000002
48,7.0,0.07,3.3600000000000003
16,7.0,0.07,1.12
70,7.0,0.07,4.9
96,7.0,0.07,6.720000000000001
75,7.0,0.07,5.250000000000001
100,7.0,0.07,7.000000000000001
86,7.0,0.07,6.0200000000000005
21,7.0,0.07,1.4700000000000002
15,7.0,0.07,1.05
82,7.0,0.07,5.74
88,7.0,0.07,6.16
73,7.0,0.07,5.11
83,7.0,0.07,5.8100000000000005
80,7.0,0.07,5.6000000000000005
15,7.0,0.07,1.05
27,7.0,0.07,1.8900000000000001
75,7.0,0.07,5.250000000000001
63,7.0,0.07,4.41
65,7.0,0.07,4.550000000000001
79,7.0,0.07,5.53
66,7.0,0.07,4.62
17,7.0,0.07,1.1900000000000002
27,7.0,0.07,1.8900000000000001
85,7.0,0.07,5.95
76,7.0,0.07,5.32
13,13.0,0.13,1.69
11,13.0,0.13,1.4300000000000002
4,13.0,0.13,0.52
4,13.0,0.13,0.52
2,13.0,0.13,0.26
9,13.0,0.13,1.17
9,13.0,0.13,1.17
14,13.0,0.13,1.82
6,13.0,0.13,0.78
5,13.0,0.13,0.65
4,13.0,0.13,0.52
2,13.0,0.13,0.26
9,13.0,0.13,1.17
10,13.0,0.13,1.3
7,13.0,0.13,0.91
7,13.0,0.13,0.91
16,13.0,0.13,2.08
5,13.0,0.13,0.65
2,13.0,0.13,0.26
15,13.0,0.13,1.9500000000000002
18,13.0,0.13,2.34
21,13.0,0.13,2.73
54,13.0,0.13,7.0200000000000005
100,13.0,0.13,13.0
28,13.0,0.13,3.64
14,13.0,0.13,1.82
48,13.0,0.13,6.24
25,13.0,0.13,3.25
18,13.0,0.13,2.34
16,13.0,0.13,2.08
78,8.0,0.08,6.24
41,8.0,0.08,3.2800000000000002
27,8.0,0.08,2.16
90,8.0,0.08,7.2
90,8.0,0.08,7.2
78,8.0,0.08,6.24
94,8.0,0.08,7.5200000000000005
100,8.0,0.08,8.0
25,8.0,0.08,2.0
19,8.0,0.08,1.52
85,8.0,0.08,6.8
60,8.0,0.08,4.8
52,8.0,0.08,4.16
70,8.0,0.08,5.6000000000000005
91,8.0,0.08,7.28
39,8.0,0.08,3.12
25,8.0,0.08,2.0
76,8.0,0.08,6.08
85,8.0,0.08,6.8
83,8.0,0.08,6.640000000000001
79,8.0,0.08,6.32
72,8.0,0.08,5.76
29,8.0,0.08,2.32
27,8.0,0.08,2.16
30,8.0,0.08,2.4
78,8.0,0.08,6.24
60,8.0,0.08,4.8
71,8.0,0.08,5.68
78,8.0,0.08,6.24
34,8.0,0.08,2.72
20,8.0,0.08,1.6
58,6.0,0.06,3.48
67,6.0,0.06,4.02
47,6.0,0.06,2.82
47,6.0,0.06,2.82
54,6.0,0.06,3.2399999999999998
39,6.0,0.06,2.34
51,6.0,0.06,3.06
38,6.0,0.06,2.28
77,6.0,0.06,4.62
61,6.0,0.06,3.6599999999999997
74,6.0,0.06,4.4399999999999995
59,6.0,0.06,3.54
23,6.0,0.06,1.38
6,6.0,0.06,0.36
61,6.0,0.06,3.6599999999999997
52,6.0,0.06,3.12
56,6.0,0.06,3.36
40,6.0,0.06,2.4
49,6.0,0.06,2.94
33,6.0,0.06,1.98
23,6.0,0.06,1.38
66,6.0,0.06,3.96
100,6.0,0.06,6.0
81,6.0,0.06,4.859999999999999
76,6.0,0.06,4.56
58,6.0,0.06,3.48
38,6.0,0.06,2.28
17,6.0,0.06,1.02
70,6.0,0.06,4.2
43,6.0,0.06,2.58
8,21.0,0.21,1.68
5,21.0,0.21,1.05
4,21.0,0.21,0.84
2,21.0,0.21,0.42
3,21.0,0.21,0.63
6,21.0,0.21,1.26
4,21.0,0.21,0.84
9,21.0,0.21,1.89
9,21.0,0.21,1.89
8,21.0,0.21,1.68
2,21.0,0.21,0.42
2,21.0,0.21,0.42
13,21.0,0.21,2.73
13,21.0,0.21,2.73
14,21.0,0.21,2.94
18,21.0,0.21,3.78
17,21.0,0.21,3.57
4,21.0,0.21,0.84
4,21.0,0.21,0.84
14,21.0,0.21,2.94
17,21.0,0.21,3.57
15,21.0,0.21,3.15
72,21.0,0.21,15.12
100,21.0,0.21,21.0
18,21.0,0.21,3.78
9,21.0,0.21,1.89
27,21.0,0.21,5.67
16,21.0,0.21,3.36
15,21.0,0.21,3.15
13,21.0,0.21,2.73
15,21.0,0.21,3.15
34,13.0,0.13,4.42
15,13.0,0.13,1.9500000000000002
33,13.0,0.13,4.29
51,13.0,0.13,6.63
38,13.0,0.13,4.94
43,13.0,0.13,5.59
41,13.0,0.13,5.33
10,13.0,0.13,1.3
12,13.0,0.13,1.56
44,13.0,0.13,5.720000000000001
47,13.0,0.13,6.11
50,13.0,0.13,6.5
27,13.0,0.13,3.5100000000000002
35,13.0,0.13,4.55
16,13.0,0.13,2.08
12,13.0,0.13,1.56
55,13.0,0.13,7.15
42,13.0,0.13,5.46
31,13.0,0.13,4.03
41,13.0,0.13,5.33
66,13.0,0.13,8.58
22,13.0,0.13,2.8600000000000003
17,13.0,0.13,2.21
100,13.0,0.13,13.0
78,13.0,0.13,10.14
88,13.0,0.13,11.440000000000001
83,13.0,0.13,10.790000000000001
53,13.0,0.13,6.890000000000001
15,13.0,0.13,1.9500000000000002
9,13.0,0.13,1.17
46,13.0,0.13,5.98
98,9.0,0.09,8.82
78,9.0,0.09,7.02
63,9.0,0.09,5.67
77,9.0,0.09,6.93
31,9.0,0.09,2.79
17,9.0,0.09,1.53
29,9.0,0.09,2.61
71,9.0,0.09,6.39
94,9.0,0.09,8.459999999999999
68,9.0,0.09,6.12
58,9.0,0.09,5.22
20,9.0,0.09,1.7999999999999998
18,9.0,0.09,1.6199999999999999
62,9.0,0.09,5.58
70,9.0,0.09,6.3
72,9.0,0.09,6.4799999999999995
83,9.0,0.09,7.47
80,9.0,0.09,7.199999999999999
47,9.0,0.09,4.2299999999999995
29,9.0,0.09,2.61
100,9.0,0.09,9.0
87,9.0,0.09,7.83
58,9.0,0.09,5.22
47,9.0,0.09,4.2299999999999995
95,9.0,0.09,8.549999999999999
42,9.0,0.09,3.78
16,9.0,0.09,1.44
79,9.0,0.09,7.109999999999999
70,9.0,0.09,6.3
73,9.0,0.09,6.569999999999999
17,17.0,0.17,2.89
15,17.0,0.17,2.5500000000000003
10,17.0,0.17,1.7000000000000002
2,17.0,0.17,0.34
17,17.0,0.17,2.89
18,17.0,0.17,3.06
15,17.0,0.17,2.5500000000000003
18,17.0,0.17,3.06
14,17.0,0.17,2.3800000000000003
6,17.0,0.17,1.02
5,17.0,0.17,0.8500000000000001
18,17.0,0.17,3.06
17,17.0,0.17,2.89
16,17.0,0.17,2.72
18,17.0,0.17,3.06
21,17.0,0.17,3.5700000000000003
8,17.0,0.17,1.36
5,17.0,0.17,0.8500000000000001
18,17.0,0.17,3.06
28,17.0,0.17,4.760000000000001
23,17.0,0.17,3.91
87,17.0,0.17,14.790000000000001
100,17.0,0.17,17.0
18,17.0,0.17,3.06
9,17.0,0.17,1.53
33,17.0,0.17,5.61
23,17.0,0.17,3.91
25,17.0,0.17,4.25
26,17.0,0.17,4.42
29,17.0,0.17,4.930000000000001
7,17.0,0.17,1.1900000000000002
16,15.0,0.15,2.4
51,15.0,0.15,7.6499999999999995
68,15.0,0.15,10.2
83,15.0,0.15,12.45
70,15.0,0.15,10.5
80,15.0,0.15,12.0
22,15.0,0.15,3.3
24,15.0,0.15,3.5999999999999996
62,15.0,0.15,9.299999999999999
54,15.0,0.15,8.1
80,15.0,0.15,12.0
65,15.0,0.15,9.75
79,15.0,0.15,11.85
40,15.0,0.15,6.0
22,15.0,0.15,3.3
65,15.0,0.15,9.75
55,15.0,0.15,8.25
100,15.0,0.15,15.0
60,15.0,0.15,9.0
60,15.0,0.15,9.0
20,15.0,0.15,3.0
17,15.0,0.15,2.55
58,15.0,0.15,8.7
70,15.0,0.15,10.5
65,15.0,0.15,9.75
38,15.0,0.15,5.7
39,15.0,0.15,5.85
15,15.0,0.15,2.25
21,15.0,0.15,3.15
58,15.0,0.15,8.7
79,15.0,0.15,11.85
63,15.0,0.15,9.45
68,15.0,0.15,10.2
70,15.0,0.15,10.5
35,15.0,0.15,5.25
15,15.0,0.15,2.25
66,15.0,0.15,9.9
49,15.0,0.15,7.35
69,15.0,0.15,10.35
65,15.0,0.15,9.75
72,15.0,0.15,10.799999999999999
27,15.0,0.15,4.05
22,15.0,0.15,3.3
64,15.0,0.15,9.6
68,15.0,0.15,10.2
70,15.0,0.15,10.5
66,15.0,0.15,9.9
79,15.0,0.15,11.85
24,15.0,0.15,3.5999999999999996
19,15.0,0.15,2.85
78,15.0,0.15,11.7
63,15.0,0.15,9.45
76,15.0,0.15,11.4
35,15.0,0.15,5.25
14,15.0,0.15,2.1
10,15.0,0.15,1.5
10,15.0,0.15,1.5
87,15.0,0.15,13.049999999999999
100,15.0,0.15,15.0
80,15.0,0.15,12.0
86,15.0,0.15,12.9
3,27.0,0.27,0.81
4,27.0,0.27,1.08
3,27.0,0.27,0.81
22,27.0,0.27,5.94
26,27.0,0.27,7.0200000000000005
22,27.0,0.27,5.94
27,27.0,0.27,7.290000000000001
26,27.0,0.27,7.0200000000000005
4,27.0,0.27,1.08
4,27.0,0.27,1.08
15,27.0,0.27,4.050000000000001
20,27.0,0.27,5.4
26,27.0,0.27,7.0200000000000005
24,27.0,0.27,6.48
28,27.0,0.27,7.5600000000000005
7,27.0,0.27,1.8900000000000001
2,27.0,0.27,0.54
11,27.0,0.27,2.97
21,27.0,0.27,5.67
30,27.0,0.27,8.100000000000001
21,27.0,0.27,5.67
19,27.0,0.27,5.130000000000001
7,27.0,0.27,1.8900000000000001
4,27.0,0.27,1.08
18,27.0,0.27,4.86
20,27.0,0.27,5.4
27,27.0,0.27,7.290000000000001
95,27.0,0.27,25.650000000000002
100,27.0,0.27,27.0
14,27.0,0.27,3.7800000000000002
8,27.0,0.27,2.16
87,22.0,0.22,19.14
78,22.0,0.22,17.16
86,22.0,0.22,18.92
77,22.0,0.22,16.94
87,22.0,0.22,19.14
29,22.0,0.22,6.38
16,22.0,0.22,3.52
90,22.0,0.22,19.8
82,22.0,0.22,18.04
100,22.0,0.22,22.0
89,22.0,0.22,19.580000000000002
66,22.0,0.22,14.52
17,22.0,0.22,3.74
10,22.0,0.22,2.2
24,22.0,0.22,5.28
63,22.0,0.22,13.86
69,22.0,0.22,15.18
57,22.0,0.22,12.540000000000001
40,22.0,0.22,8.8
17,22.0,0.22,3.74
10,22.0,0.22,2.2
58,22.0,0.22,12.76
53,22.0,0.22,11.66
46,22.0,0.22,10.12
55,22.0,0.22,12.1
56,22.0,0.22,12.32
10,22.0,0.22,2.2
11,22.0,0.22,2.42
43,22.0,0.22,9.46
86,15.0,0.15,12.9
100,15.0,0.15,15.0
77,15.0,0.15,11.549999999999999
64,15.0,0.15,9.6
22,15.0,0.15,3.3
16,15.0,0.15,2.4
79,15.0,0.15,11.85
75,15.0,0.15,11.25
49,15.0,0.15,7.35
56,15.0,0.15,8.4
60,15.0,0.15,9.0
16,15.0,0.15,2.4
10,15.0,0.15,1.5
51,15.0,0.15,7.6499999999999995
62,15.0,0.15,9.299999999999999
87,15.0,0.15,13.049999999999999
67,15.0,0.15,10.049999999999999
86,15.0,0.15,12.9
25,15.0,0.15,3.75
22,15.0,0.15,3.3
60,15.0,0.15,9.0
64,15.0,0.15,9.6
68,15.0,0.15,10.2
66,15.0,0.15,9.9
34,15.0,0.15,5.1
15,15.0,0.15,2.25
6,15.0,0.15,0.8999999999999999
78,15.0,0.15,11.7
78,15.0,0.15,11.7
76,15.0,0.15,11.4
76,15.0,0.15,11.4
18,22.0,0.22,3.96
3,22.0,0.22,0.66
2,22.0,0.22,0.44
17,22.0,0.22,3.74
18,22.0,0.22,3.96
17,22.0,0.22,3.74
16,22.0,0.22,3.52
20,22.0,0.22,4.4
4,22.0,0.22,0.88
2,22.0,0.22,0.44
16,22.0,0.22,3.52
14,22.0,0.22,3.08
20,22.0,0.22,4.4
21,22.0,0.22,4.62
16,22.0,0.22,3.52
7,22.0,0.22,1.54
5,22.0,0.22,1.1
20,22.0,0.22,4.4
25,22.0,0.22,5.5
20,22.0,0.22,4.4
18,22.0,0.22,3.96
19,22.0,0.22,4.18
6,22.0,0.22,1.32
4,22.0,0.22,0.88
22,22.0,0.22,4.84
21,22.0,0.22,4.62
27,22.0,0.22,5.94
100,22.0,0.22,22.0
90,22.0,0.22,19.8
13,22.0,0.22,2.86
15,22.0,0.22,3.3
70,22.0,0.22,15.4
72,22.0,0.22,15.84
60,22.0,0.22,13.2
46,22.0,0.22,10.12
56,22.0,0.22,12.32
21,22.0,0.22,4.62
10,22.0,0.22,2.2
46,22.0,0.22,10.12
92,22.0,0.22,20.24
100,22.0,0.22,22.0
78,22.0,0.22,17.16
67,22.0,0.22,14.74
23,22.0,0.22,5.06
12,22.0,0.22,2.64
70,22.0,0.22,15.4
57,22.0,0.22,12.540000000000001
68,22.0,0.22,14.96
56,22.0,0.22,12.32
48,22.0,0.22,10.56
10,22.0,0.22,2.2
8,22.0,0.22,1.76
42,22.0,0.22,9.24
53,22.0,0.22,11.66
59,22.0,0.22,12.98
47,22.0,0.22,10.34
46,22.0,0.22,10.12
14,22.0,0.22,3.08
9,22.0,0.22,1.98
13,22.0,0.22,2.86
52,22.0,0.22,11.44
57,18.0,0.18,10.26
49,18.0,0.18,8.82
43,18.0,0.18,7.739999999999999
13,18.0,0.18,2.34
8,18.0,0.18,1.44
44,18.0,0.18,7.92
48,18.0,0.18,8.64
44,18.0,0.18,7.92
46,18.0,0.18,8.28
33,18.0,0.18,5.9399999999999995
9,18.0,0.18,1.6199999999999999
9,18.0,0.18,1.6199999999999999
40,18.0,0.18,7.199999999999999
34,18.0,0.18,6.12
30,18.0,0.18,5.3999999999999995
40,18.0,0.18,7.199999999999999
33,18.0,0.18,5.9399999999999995
13,18.0,0.18,2.34
9,18.0,0.18,1.6199999999999999
29,18.0,0.18,5.22
32,18.0,0.18,5.76
35,18.0,0.18,6.3
45,18.0,0.18,8.1
100,18.0,0.18,18.0
23,18.0,0.18,4.14
13,18.0,0.18,2.34
59,18.0,0.18,10.62
57,18.0,0.18,10.26
49,18.0,0.18,8.82
49,18.0,0.18,8.82
15,24.0,0.24,3.5999999999999996
6,24.0,0.24,1.44
3,24.0,0.24,0.72
4,24.0,0.24,0.96
16,24.0,0.24,3.84
19,24.0,0.24,4.56
20,24.0,0.24,4.8
21,24.0,0.24,5.04
8,24.0,0.24,1.92
4,24.0,0.24,0.96
30,24.0,0.24,7.199999999999999
35,24.0,0.24,8.4
30,24.0,0.24,7.199999999999999
23,24.0,0.24,5.52
16,24.0,0.24,3.84
5,24.0,0.24,1.2
2,24.0,0.24,0.48
20,24.0,0.24,4.8
20,24.0,0.24,4.8
17,24.0,0.24,4.08
20,24.0,0.24,4.8
18,24.0,0.24,4.32
6,24.0,0.24,1.44
5,24.0,0.24,1.2
19,24.0,0.24,4.56
20,24.0,0.24,4.8
27,24.0,0.24,6.4799999999999995
100,24.0,0.24,24.0
74,24.0,0.24,17.759999999999998
8,24.0,0.24,1.92
5,24.0,0.24,1.2
100,15.0,0.15,15.0
97,15.0,0.15,14.549999999999999
82,15.0,0.15,12.299999999999999
71,15.0,0.15,10.65
78,15.0,0.15,11.7
19,15.0,0.15,2.85
19,15.0,0.15,2.85
80,15.0,0.15,12.0
66,15.0,0.15,9.9
36,15.0,0.15,5.3999999999999995
69,15.0,0.15,10.35
69,15.0,0.15,10.35
16,15.0,0.15,2.4
11,15.0,0.15,1.65
64,15.0,0.15,9.6
57,15.0,0.15,8.549999999999999
55,15.0,0.15,8.25
59,15.0,0.15,8.85
44,15.0,0.15,6.6
19,15.0,0.15,2.85
6,15.0,0.15,0.8999999999999999
54,15.0,0.15,8.1
57,15.0,0.15,8.549999999999999
53,15.0,0.15,7.949999999999999
59,15.0,0.15,8.85
49,15.0,0.15,7.35
15,15.0,0.15,2.25
9,15.0,0.15,1.3499999999999999
47,15.0,0.15,7.05
57,15.0,0.15,8.549999999999999
59,15.0,0.15,8.85
41,16.0,0.16,6.5600000000000005
40,16.0,0.16,6.4
17,16.0,0.16,2.72
9,16.0,0.16,1.44
15,16.0,0.16,2.4
60,16.0,0.16,9.6
50,16.0,0.16,8.0
43,16.0,0.16,6.88
50,16.0,0.16,8.0
19,16.0,0.16,3.04
11,16.0,0.16,1.76
49,16.0,0.16,7.84
57,16.0,0.16,9.120000000000001
55,16.0,0.16,8.8
57,16.0,0.16,9.120000000000001
55,16.0,0.16,8.8
17,16.0,0.16,2.72
14,16.0,0.16,2.24
37,16.0,0.16,5.92
50,16.0,0.16,8.0
43,16.0,0.16,6.88
100,16.0,0.16,16.0
83,16.0,0.16,13.280000000000001
25,16.0,0.16,4.0
13,16.0,0.16,2.08
61,16.0,0.16,9.76
73,16.0,0.16,11.68
99,16.0,0.16,15.84
98,16.0,0.16,15.68
88,16.0,0.16,14.08
9,25.0,0.25,2.25
5,25.0,0.25,1.25
21,25.0,0.25,5.25
24,25.0,0.25,6.0
29,25.0,0.25,7.25
22,25.0,0.25,5.5
21,25.0,0.25,5.25
6,25.0,0.25,1.5
7,25.0,0.25,1.75
21,25.0,0.25,5.25
23,25.0,0.25,5.75
22,25.0,0.25,5.5
24,25.0,0.25,6.0
18,25.0,0.25,4.5
5,25.0,0.25,1.25
4,25.0,0.25,1.0
23,25.0,0.25,5.75
23,25.0,0.25,5.75
21,25.0,0.25,5.25
23,25.0,0.25,5.75
27,25.0,0.25,6.75
10,25.0,0.25,2.5
6,25.0,0.25,1.5
34,25.0,0.25,8.5
34,25.0,0.25,8.5
36,25.0,0.25,9.0
97,25.0,0.25,24.25
100,25.0,0.25,25.0
14,25.0,0.25,3.5
9,25.0,0.25,2.25
39,25.0,0.25,9.75
60,29.0,0.29,17.4
48,29.0,0.29,13.919999999999998
61,29.0,0.29,17.689999999999998
50,29.0,0.29,14.499999999999998
12,29.0,0.29,3.4799999999999995
9,29.0,0.29,2.61
58,29.0,0.29,16.82
49,29.0,0.29,14.209999999999999
96,29.0,0.29,27.839999999999996
100,29.0,0.29,28.999999999999996
82,29.0,0.29,23.779999999999998
20,29.0,0.29,5.8
11,29.0,0.29,3.19
59,29.0,0.29,17.11
75,29.0,0.29,21.75
59,29.0,0.29,17.11
58,29.0,0.29,16.82
67,29.0,0.29,19.43
19,29.0,0.29,5.51
10,29.0,0.29,2.9
57,29.0,0.29,16.529999999999998
66,29.0,0.29,19.139999999999997
63,29.0,0.29,18.27
24,29.0,0.29,6.959999999999999
38,29.0,0.29,11.02
13,29.0,0.29,3.7699999999999996
11,29.0,0.29,3.19
62,29.0,0.29,17.98
56,29.0,0.29,16.24
45,29.0,0.29,13.049999999999999
91,19.0,0.19,17.29
71,19.0,0.19,13.49
19,19.0,0.19,3.61
6,19.0,0.19,1.1400000000000001
95,19.0,0.19,18.05
88,19.0,0.19,16.72
88,19.0,0.19,16.72
73,19.0,0.19,13.870000000000001
67,19.0,0.19,12.73
27,19.0,0.19,5.13
9,19.0,0.19,1.71
58,19.0,0.19,11.02
95,19.0,0.19,18.05
88,19.0,0.19,16.72
83,19.0,0.19,15.77
67,19.0,0.19,12.73
12,19.0,0.19,2.2800000000000002
18,19.0,0.19,3.42
71,19.0,0.19,13.49
75,19.0,0.19,14.25
47,19.0,0.19,8.93
69,19.0,0.19,13.11
40,19.0,0.19,7.6
16,19.0,0.19,3.04
10,19.0,0.19,1.9
18,19.0,0.19,3.42
79,19.0,0.19,15.01
100,19.0,0.19,19.0
79,19.0,0.19,15.01
62,19.0,0.19,11.78
28,19.0,0.19,5.32
11,24.0,0.24,2.6399999999999997
22,24.0,0.24,5.279999999999999
54,24.0,0.24,12.959999999999999
53,24.0,0.24,12.719999999999999
85,24.0,0.24,20.4
77,24.0,0.24,18.48
25,24.0,0.24,6.0
19,24.0,0.24,4.56
61,24.0,0.24,14.639999999999999
55,24.0,0.24,13.2
56,24.0,0.24,13.44
73,24.0,0.24,17.52
84,24.0,0.24,20.16
21,24.0,0.24,5.04
12,24.0,0.24,2.88
31,24.0,0.24,7.4399999999999995
43,24.0,0.24,10.32
50,24.0,0.24,12.0
60,24.0,0.24,14.399999999999999
61,24.0,0.24,14.639999999999999
11,24.0,0.24,2.6399999999999997
13,24.0,0.24,3.12
44,24.0,0.24,10.559999999999999
71,24.0,0.24,17.04
83,24.0,0.24,19.919999999999998
100,24.0,0.24,24.0
82,24.0,0.24,19.68
24,24.0,0.24,5.76
15,24.0,0.24,3.5999999999999996
69,24.0,0.24,16.56
79,24.0,0.24,18.96
39,30.0,0.3,11.7
100,30.0,0.3,30.0
96,30.0,0.3,28.799999999999997
19,30.0,0.3,5.7
7,30.0,0.3,2.1
32,30.0,0.3,9.6
34,30.0,0.3,10.2
33,30.0,0.3,9.9
29,30.0,0.3,8.7
25,30.0,0.3,7.5
9,30.0,0.3,2.6999999999999997
5,30.0,0.3,1.5
26,30.0,0.3,7.8
30,30.0,0.3,9.0
31,30.0,0.3,9.299999999999999
31,30.0,0.3,9.299999999999999
24,30.0,0.3,7.199999999999999
8,30.0,0.3,2.4
5,30.0,0.3,1.5
12,30.0,0.3,3.5999999999999996
30,30.0,0.3,9.0
30,30.0,0.3,9.0
27,30.0,0.3,8.1
24,30.0,0.3,7.199999999999999
9,30.0,0.3,2.6999999999999997
5,30.0,0.3,1.5
24,30.0,0.3,7.199999999999999
36,30.0,0.3,10.799999999999999
91,19.0,0.19,17.29
61,19.0,0.19,11.59
61,19.0,0.19,11.59
14,19.0,0.19,2.66
15,19.0,0.19,2.85
50,19.0,0.19,9.5
54,19.0,0.19,10.26
44,19.0,0.19,8.36
54,19.0,0.19,10.26
41,19.0,0.19,7.79
17,19.0,0.19,3.23
12,19.0,0.19,2.2800000000000002
51,19.0,0.19,9.69
37,19.0,0.19,7.03
49,19.0,0.19,9.31
56,19.0,0.19,10.64
51,19.0,0.19,9.69
12,19.0,0.19,2.2800000000000002
9,19.0,0.19,1.71
44,19.0,0.19,8.36
56,19.0,0.19,10.64
62,19.0,0.19,11.78
53,19.0,0.19,10.07
46,19.0,0.19,8.74
11,19.0,0.19,2.09
9,19.0,0.19,1.71
50,19.0,0.19,9.5
54,19.0,0.19,10.26
98,19.0,0.19,18.62
100,19.0,0.19,19.0
97,19.0,0.19,18.43
7,33.0,0.33,2.31
6,33.0,0.33,1.98
26,33.0,0.33,8.58
34,33.0,0.33,11.22
48,33.0,0.33,15.84
36,33.0,0.33,11.88
32,33.0,0.33,10.56
9,33.0,0.33,2.97
5,33.0,0.33,1.6500000000000001
29,33.0,0.33,9.57
28,33.0,0.33,9.24
26,33.0,0.33,8.58
27,33.0,0.33,8.91
14,33.0,0.33,4.62
4,33.0,0.33,1.32
4,33.0,0.33,1.32
30,33.0,0.33,9.9
24,33.0,0.33,7.92
22,33.0,0.33,7.260000000000001
26,33.0,0.33,8.58
20,33.0,0.33,6.6000000000000005
6,33.0,0.33,1.98
6,33.0,0.33,1.98
24,33.0,0.33,7.92
28,33.0,0.33,9.24
32,33.0,0.33,10.56
100,33.0,0.33,33.0
83,33.0,0.33,27.39
18,33.0,0.33,5.94
7,33.0,0.33,2.31
68,34.0,0.34,23.12
68,34.0,0.34,23.12
52,34.0,0.34,17.68
44,34.0,0.34,14.96
45,34.0,0.34,15.3
12,34.0,0.34,4.08
10,34.0,0.34,3.4000000000000004
54,34.0,0.34,18.360000000000003
54,34.0,0.34,18.360000000000003
56,34.0,0.34,19.040000000000003
44,34.0,0.34,14.96
52,34.0,0.34,17.68
16,34.0,0.34,5.44
17,34.0,0.34,5.78
59,34.0,0.34,20.060000000000002
53,34.0,0.34,18.02
71,34.0,0.34,24.14
56,34.0,0.34,19.040000000000003
51,34.0,0.34,17.34
13,34.0,0.34,4.42
9,34.0,0.34,3.06
42,34.0,0.34,14.280000000000001
47,34.0,0.34,15.98
51,34.0,0.34,17.34
89,34.0,0.34,30.26
79,34.0,0.34,26.860000000000003
16,34.0,0.34,5.44
9,34.0,0.34,3.06
12,34.0,0.34,4.08
100,34.0,0.34,34.0
81,34.0,0.34,27.540000000000003
29,43.0,0.43,12.47
36,43.0,0.43,15.48
12,43.0,0.43,5.16
8,43.0,0.43,3.44
26,43.0,0.43,11.18
22,43.0,0.43,9.459999999999999
25,43.0,0.43,10.75
26,43.0,0.43,11.18
43,43.0,0.43,18.49
18,43.0,0.43,7.74
7,43.0,0.43,3.01
49,43.0,0.43,21.07
32,43.0,0.43,13.76
30,43.0,0.43,12.9
32,43.0,0.43,13.76
100,43.0,0.43,43.0
22,43.0,0.43,9.459999999999999
7,43.0,0.43,3.01
43,43.0,0.43,18.49
42,43.0,0.43,18.06
37,43.0,0.43,15.91
29,43.0,0.43,12.47
21,43.0,0.43,9.03
9,43.0,0.43,3.87
4,43.0,0.43,1.72
20,43.0,0.43,8.6
35,43.0,0.43,15.049999999999999
31,43.0,0.43,13.33
32,43.0,0.43,13.76
28,43.0,0.43,12.04
4,45.0,0.45,1.8
4,45.0,0.45,1.8
22,45.0,0.45,9.9
25,45.0,0.45,11.25
23,45.0,0.45,10.35
24,45.0,0.45,10.8
18,45.0,0.45,8.1
5,45.0,0.45,2.25
3,45.0,0.45,1.35
21,45.0,0.45,9.450000000000001
27,45.0,0.45,12.15
29,45.0,0.45,13.05
26,45.0,0.45,11.700000000000001
22,45.0,0.45,9.9
5,45.0,0.45,2.25
4,45.0,0.45,1.8
23,45.0,0.45,10.35
25,45.0,0.45,11.25
25,45.0,0.45,11.25
28,45.0,0.45,12.6
21,45.0,0.45,9.450000000000001
6,45.0,0.45,2.7
5,45.0,0.45,2.25
25,45.0,0.45,11.25
25,45.0,0.45,11.25
31,45.0,0.45,13.950000000000001
100,45.0,0.45,45.0
77,45.0,0.45,34.65
13,45.0,0.45,5.8500000000000005
6,45.0,0.45,2.7
39,45.0,0.45,17.55
100,36.0,0.36,36.0
91,36.0,0.36,32.76
81,36.0,0.36,29.16
66,36.0,0.36,23.759999999999998
15,36.0,0.36,5.3999999999999995
14,36.0,0.36,5.04
70,36.0,0.36,25.2
66,36.0,0.36,23.759999999999998
57,36.0,0.36,20.52
74,36.0,0.36,26.64
78,36.0,0.36,28.08
16,36.0,0.36,5.76
9,36.0,0.36,3.2399999999999998
64,36.0,0.36,23.04
63,36.0,0.36,22.68
90,36.0,0.36,32.4
70,36.0,0.36,25.2
59,36.0,0.36,21.24
14,36.0,0.36,5.04
10,36.0,0.36,3.5999999999999996
50,36.0,0.36,18.0
61,36.0,0.36,21.96
48,36.0,0.36,17.28
61,36.0,0.36,21.96
58,36.0,0.36,20.88
13,36.0,0.36,4.68
9,36.0,0.36,3.2399999999999998
58,36.0,0.36,20.88
53,36.0,0.36,19.08
53,36.0,0.36,19.08
67,36.0,0.36,24.119999999999997
80,23.0,0.23,18.400000000000002
23,23.0,0.23,5.29
22,23.0,0.23,5.0600000000000005
17,23.0,0.23,3.91
76,23.0,0.23,17.48
68,23.0,0.23,15.64
81,23.0,0.23,18.630000000000003
65,23.0,0.23,14.950000000000001
21,23.0,0.23,4.83
12,23.0,0.23,2.7600000000000002
66,23.0,0.23,15.180000000000001
75,23.0,0.23,17.25
86,23.0,0.23,19.78
100,23.0,0.23,23.0
82,23.0,0.23,18.86
25,23.0,0.23,5.75
9,23.0,0.23,2.0700000000000003
72,23.0,0.23,16.560000000000002
79,23.0,0.23,18.17
68,23.0,0.23,15.64
79,23.0,0.23,18.17
73,23.0,0.23,16.79
22,23.0,0.23,5.0600000000000005
13,23.0,0.23,2.99
75,23.0,0.23,17.25
95,23.0,0.23,21.85
75,23.0,0.23,17.25
74,23.0,0.23,17.02
71,23.0,0.23,16.330000000000002
14,23.0,0.23,3.22
3,38.0,0.38,1.1400000000000001
12,38.0,0.38,4.5600000000000005
13,38.0,0.38,4.94
14,38.0,0.38,5.32
13,38.0,0.38,4.94
18,38.0,0.38,6.84
4,38.0,0.38,1.52
3,38.0,0.38,1.1400000000000001
15,38.0,0.38,5.7
14,38.0,0.38,5.32
13,38.0,0.38,4.94
19,38.0,0.38,7.22
19,38.0,0.38,7.22
3,38.0,0.38,1.1400000000000001
3,38.0,0.38,1.1400000000000001
14,38.0,0.38,5.32
17,38.0,0.38,6.46
15,38.0,0.38,5.7
15,38.0,0.38,5.7
16,38.0,0.38,6.08
3,38.0,0.38,1.1400000000000001
2,38.0,0.38,0.76
14,38.0,0.38,5.32
19,38.0,0.38,7.22
17,38.0,0.38,6.46
61,38.0,0.38,23.18
100,38.0,0.38,38.0
22,38.0,0.38,8.36
8,38.0,0.38,3.04
36,38.0,0.38,13.68
27,38.0,0.38,10.26
72,36.0,0.36,25.919999999999998
60,36.0,0.36,21.599999999999998
63,36.0,0.36,22.68
20,36.0,0.36,7.199999999999999
15,36.0,0.36,5.3999999999999995
67,36.0,0.36,24.119999999999997
67,36.0,0.36,24.119999999999997
59,36.0,0.36,21.24
73,36.0,0.36,26.279999999999998
57,36.0,0.36,20.52
11,36.0,0.36,3.96
12,36.0,0.36,4.32
65,36.0,0.36,23.4
55,36.0,0.36,19.8
66,36.0,0.36,23.759999999999998
63,36.0,0.36,22.68
52,36.0,0.36,18.72
15,36.0,0.36,5.3999999999999995
13,36.0,0.36,4.68
51,36.0,0.36,18.36
54,36.0,0.36,19.439999999999998
70,36.0,0.36,25.2
21,36.0,0.36,7.56
67,36.0,0.36,24.119999999999997
48,36.0,0.36,17.28
30,36.0,0.36,10.799999999999999
87,36.0,0.36,31.32
85,36.0,0.36,30.599999999999998
100,36.0,0.36,36.0
87,36.0,0.36,31.32
89,28.0,0.28,24.92
31,28.0,0.28,8.680000000000001
17,28.0,0.28,4.760000000000001
100,28.0,0.28,28.000000000000004
82,28.0,0.28,22.96
84,28.0,0.28,23.520000000000003
77,28.0,0.28,21.560000000000002
75,28.0,0.28,21.000000000000004
22,28.0,0.28,6.16
15,28.0,0.28,4.2
59,28.0,0.28,16.520000000000003
67,28.0,0.28,18.76
66,28.0,0.28,18.48
62,28.0,0.28,17.360000000000003
68,28.0,0.28,19.040000000000003
20,28.0,0.28,5.6000000000000005
16,28.0,0.28,4.48
64,28.0,0.28,17.92
65,28.0,0.28,18.200000000000003
69,28.0,0.28,19.32
73,28.0,0.28,20.44
56,28.0,0.28,15.680000000000001
14,28.0,0.28,3.9200000000000004
11,28.0,0.28,3.08
10,28.0,0.28,2.8000000000000003
56,28.0,0.28,15.680000000000001
59,28.0,0.28,16.520000000000003
55,28.0,0.28,15.400000000000002
73,28.0,0.28,20.44
22,28.0,0.28,6.16
11,28.0,0.28,3.08
7,47.0,0.47,3.29
37,47.0,0.47,17.39
39,47.0,0.47,18.33
38,47.0,0.47,17.86
48,47.0,0.47,22.56
12,47.0,0.47,5.64
9,47.0,0.47,4.2299999999999995
43,47.0,0.47,20.209999999999997
49,47.0,0.47,23.029999999999998
45,47.0,0.47,21.15
45,47.0,0.47,21.15
58,47.0,0.47,27.259999999999998
23,47.0,0.47,10.809999999999999
12,47.0,0.47,5.64
18,47.0,0.47,8.459999999999999
61,47.0,0.47,28.669999999999998
49,47.0,0.47,23.029999999999998
50,47.0,0.47,23.5
46,47.0,0.47,21.619999999999997
15,47.0,0.47,7.05
8,47.0,0.47,3.76
56,47.0,0.47,26.32
63,47.0,0.47,29.61
71,47.0,0.47,33.37
62,47.0,0.47,29.139999999999997
74,47.0,0.47,34.78
28,47.0,0.47,13.16
13,47.0,0.47,6.109999999999999
64,47.0,0.47,30.08
99,47.0,0.47,46.529999999999994
100,47.0,0.47,47.0
78,74.0,0.74,57.72
100,74.0,0.74,74.0
18,74.0,0.74,13.32
6,74.0,0.74,4.4399999999999995
44,74.0,0.74,32.56
54,74.0,0.74,39.96
38,74.0,0.74,28.12
41,74.0,0.74,30.34
51,74.0,0.74,37.74
12,74.0,0.74,8.879999999999999
6,74.0,0.74,4.4399999999999995
34,74.0,0.74,25.16
33,74.0,0.74,24.419999999999998
34,74.0,0.74,25.16
35,74.0,0.74,25.9
27,74.0,0.74,19.98
7,74.0,0.74,5.18
4,74.0,0.74,2.96
10,74.0,0.74,7.4
28,74.0,0.74,20.72
31,74.0,0.74,22.94
30,74.0,0.74,22.2
29,74.0,0.74,21.46
8,74.0,0.74,5.92
5,74.0,0.74,3.7
29,74.0,0.74,21.46
28,74.0,0.74,20.72
27,74.0,0.74,19.98
40,61.0,0.61,24.4
43,61.0,0.61,26.23
13,61.0,0.61,7.93
7,61.0,0.61,4.27
34,61.0,0.61,20.74
42,61.0,0.61,25.62
43,61.0,0.61,26.23
42,61.0,0.61,25.62
46,61.0,0.61,28.06
13,61.0,0.61,7.93
9,61.0,0.61,5.49
41,61.0,0.61,25.009999999999998
45,61.0,0.61,27.45
41,61.0,0.61,25.009999999999998
44,61.0,0.61,26.84
35,61.0,0.61,21.349999999999998
10,61.0,0.61,6.1
7,61.0,0.61,4.27
44,61.0,0.61,26.84
50,61.0,0.61,30.5
40,61.0,0.61,24.4
49,61.0,0.61,29.89
45,61.0,0.61,27.45
11,61.0,0.61,6.71
7,61.0,0.61,4.27
50,61.0,0.61,30.5
53,61.0,0.61,32.33
98,61.0,0.61,59.78
100,61.0,0.61,61.0
36,61.0,0.61,21.96
17,61.0,0.61,10.37
8,80.0,0.8,6.4
66,80.0,0.8,52.800000000000004
64,80.0,0.8,51.2
47,80.0,0.8,37.6
44,80.0,0.8,35.2
44,80.0,0.8,35.2
8,80.0,0.8,6.4
6,80.0,0.8,4.800000000000001
32,80.0,0.8,25.6
31,80.0,0.8,24.8
28,80.0,0.8,22.400000000000002
28,80.0,0.8,22.400000000000002
28,80.0,0.8,22.400000000000002
8,80.0,0.8,6.4
5,80.0,0.8,4.0
28,80.0,0.8,22.400000000000002
32,80.0,0.8,25.6
46,80.0,0.8,36.800000000000004
47,80.0,0.8,37.6
33,80.0,0.8,26.400000000000002
8,80.0,0.8,6.4
6,80.0,0.8,4.800000000000001
30,80.0,0.8,24.0
37,80.0,0.8,29.6
42,80.0,0.8,33.6
86,80.0,0.8,68.8
100,80.0,0.8,80.0
15,80.0,0.8,12.0
7,80.0,0.8,5.6000000000000005
37,80.0,0.8,29.6
100,47.0,0.47,47.0
86,47.0,0.47,40.419999999999995
82,47.0,0.47,38.54
74,47.0,0.47,34.78
21,47.0,0.47,9.87
12,47.0,0.47,5.64
79,47.0,0.47,37.129999999999995
80,47.0,0.47,37.599999999999994
74,47.0,0.47,34.78
81,47.0,0.47,38.07
78,47.0,0.47,36.66
18,47.0,0.47,8.459999999999999
15,47.0,0.47,7.05
77,47.0,0.47,36.19
83,47.0,0.47,39.01
68,47.0,0.47,31.959999999999997
72,47.0,0.47,33.839999999999996
58,47.0,0.47,27.259999999999998
18,47.0,0.47,8.459999999999999
12,47.0,0.47,5.64
66,47.0,0.47,31.02
61,47.0,0.47,28.669999999999998
62,47.0,0.47,29.139999999999997
69,47.0,0.47,32.43
68,47.0,0.47,31.959999999999997
14,47.0,0.47,6.58
10,47.0,0.47,4.699999999999999
15,47.0,0.47,7.05
61,47.0,0.47,28.669999999999998
74,47.0,0.47,34.78
71,47.0,0.47,33.37
66,51.0,0.51,33.660000000000004
20,51.0,0.51,10.2
12,51.0,0.51,6.12
64,51.0,0.51,32.64
89,51.0,0.51,45.39
97,51.0,0.51,49.47
87,51.0,0.51,44.37
68,51.0,0.51,34.68
16,51.0,0.51,8.16
14,51.0,0.51,7.140000000000001
64,51.0,0.51,32.64
74,51.0,0.51,37.74
79,51.0,0.51,40.29
72,51.0,0.51,36.72
81,51.0,0.51,41.31
17,51.0,0.51,8.67
14,51.0,0.51,7.140000000000001
62,51.0,0.51,31.62
76,51.0,0.51,38.76
91,51.0,0.51,46.410000000000004
100,51.0,0.51,51.0
81,51.0,0.51,41.31
17,51.0,0.51,8.67
12,51.0,0.51,6.12
85,51.0,0.51,43.35
86,51.0,0.51,43.86
73,51.0,0.51,37.230000000000004
88,51.0,0.51,44.88
86,51.0,0.51,43.86
21,51.0,0.51,10.71
4,76.0,0.76,3.04
16,76.0,0.76,12.16
17,76.0,0.76,12.92
5,76.0,0.76,3.8
16,76.0,0.76,12.16
18,76.0,0.76,13.68
5,76.0,0.76,3.8
3,76.0,0.76,2.2800000000000002
16,76.0,0.76,12.16
18,76.0,0.76,13.68
18,76.0,0.76,13.68
27,76.0,0.76,20.52
29,76.0,0.76,22.04
7,76.0,0.76,5.32
4,76.0,0.76,3.04
39,76.0,0.76,29.64
39,76.0,0.76,29.64
34,76.0,0.76,25.84
27,76.0,0.76,20.52
26,76.0,0.76,19.76
6,76.0,0.76,4.5600000000000005
4,76.0,0.76,3.04
27,76.0,0.76,20.52
32,76.0,0.76,24.32
31,76.0,0.76,23.56
100,76.0,0.76,76.0
78,76.0,0.76,59.28
11,76.0,0.76,8.36
5,76.0,0.76,3.8
32,76.0,0.76,24.32
31,76.0,0.76,23.56
57,70.0,0.7,39.9
58,70.0,0.7,40.599999999999994
58,70.0,0.7,40.599999999999994
12,70.0,0.7,8.399999999999999
7,70.0,0.7,4.8999999999999995
44,70.0,0.7,30.799999999999997
47,70.0,0.7,32.9
56,70.0,0.7,39.199999999999996
63,70.0,0.7,44.099999999999994
50,70.0,0.7,35.0
12,70.0,0.7,8.399999999999999
7,70.0,0.7,4.8999999999999995
53,70.0,0.7,37.099999999999994
55,70.0,0.7,38.5
58,70.0,0.7,40.599999999999994
53,70.0,0.7,37.099999999999994
45,70.0,0.7,31.499999999999996
12,70.0,0.7,8.399999999999999
10,70.0,0.7,7.0
42,70.0,0.7,29.4
47,70.0,0.7,32.9
47,70.0,0.7,32.9
45,70.0,0.7,31.499999999999996
40,70.0,0.7,28.0
12,70.0,0.7,8.399999999999999
8,70.0,0.7,5.6
48,70.0,0.7,33.599999999999994
52,70.0,0.7,36.4
84,70.0,0.7,58.8
100,70.0,0.7,70.0
66,70.0,0.7,46.199999999999996
19,62.0,0.62,11.78
11,62.0,0.62,6.82
12,62.0,0.62,7.4399999999999995
100,62.0,0.62,62.0
88,62.0,0.62,54.56
88,62.0,0.62,54.56
70,62.0,0.62,43.4
19,62.0,0.62,11.78
11,62.0,0.62,6.82
58,62.0,0.62,35.96
55,62.0,0.62,34.1
72,62.0,0.62,44.64
63,62.0,0.62,39.06
54,62.0,0.62,33.48
14,62.0,0.62,8.68
8,62.0,0.62,4.96
74,62.0,0.62,45.88
68,62.0,0.62,42.16
54,62.0,0.62,33.48
62,62.0,0.62,38.44
54,62.0,0.62,33.48
15,62.0,0.62,9.3
9,62.0,0.62,5.58
48,62.0,0.62,29.759999999999998
54,62.0,0.62,33.48
62,62.0,0.62,38.44
60,62.0,0.62,37.2
53,62.0,0.62,32.86
12,62.0,0.62,7.4399999999999995
7,62.0,0.62,4.34
26,100.0,1.0,26.0
30,100.0,1.0,30.0
28,100.0,1.0,28.0
29,100.0,1.0,29.0
30,100.0,1.0,30.0
7,100.0,1.0,7.0
4,100.0,1.0,4.0
27,100.0,1.0,27.0
28,100.0,1.0,28.0
47,100.0,1.0,47.0
61,100.0,1.0,61.0
49,100.0,1.0,49.0
10,100.0,1.0,10.0
6,100.0,1.0,6.0
31,100.0,1.0,31.0
35,100.0,1.0,35.0
31,100.0,1.0,31.0
32,100.0,1.0,32.0
30,100.0,1.0,30.0
7,100.0,1.0,7.0
5,100.0,1.0,5.0
29,100.0,1.0,29.0
32,100.0,1.0,32.0
43,100.0,1.0,43.0
92,100.0,1.0,92.0
100,100.0,1.0,100.0
16,100.0,1.0,16.0
6,100.0,1.0,6.0
61,100.0,1.0,61.0
63,100.0,1.0,63.0
52,100.0,1.0,52.0
100,79.0,0.79,79.0
89,79.0,0.79,70.31
21,79.0,0.79,16.59
13,79.0,0.79,10.27
66,79.0,0.79,52.14
67,79.0,0.79,52.93
69,79.0,0.79,54.510000000000005
74,79.0,0.79,58.46
58,79.0,0.79,45.82
17,79.0,0.79,13.43
8,79.0,0.79,6.32
54,79.0,0.79,42.660000000000004
73,79.0,0.79,57.67
65,79.0,0.79,51.35
70,79.0,0.79,55.300000000000004
55,79.0,0.79,43.45
18,79.0,0.79,14.22
14,79.0,0.79,11.06
66,79.0,0.79,52.14
92,79.0,0.79,72.68
65,79.0,0.79,51.35
20,79.0,0.79,15.8
43,79.0,0.79,33.97
18,79.0,0.79,14.22
12,79.0,0.79,9.48
72,79.0,0.79,56.88
69,79.0,0.79,54.510000000000005
78,79.0,0.79,61.620000000000005
78,79.0,0.79,61.620000000000005
64,79.0,0.79,50.56
19,69.0,0.69,13.11
16,69.0,0.69,11.04
81,69.0,0.69,55.88999999999999
84,69.0,0.69,57.959999999999994
45,69.0,0.69,31.049999999999997
74,69.0,0.69,51.059999999999995
74,69.0,0.69,51.059999999999995
15,69.0,0.69,10.35
8,69.0,0.69,5.52
64,69.0,0.69,44.16
65,69.0,0.69,44.849999999999994
64,69.0,0.69,44.16
58,69.0,0.69,40.019999999999996
54,69.0,0.69,37.26
17,69.0,0.69,11.729999999999999
9,69.0,0.69,6.209999999999999
65,69.0,0.69,44.849999999999994
65,69.0,0.69,44.849999999999994
69,69.0,0.69,47.61
77,69.0,0.69,53.129999999999995
93,69.0,0.69,64.17
30,69.0,0.69,20.7
11,69.0,0.69,7.59
68,69.0,0.69,46.919999999999995
25,69.0,0.69,17.25
100,69.0,0.69,69.0
96,69.0,0.69,66.24
78,69.0,0.69,53.81999999999999
22,69.0,0.69,15.18
11,69.0,0.69,7.59
61,69.0,0.69,42.089999999999996
11,72.0,0.72,7.92
40,72.0,0.72,28.799999999999997
51,72.0,0.72,36.72
48,72.0,0.72,34.56
11,72.0,0.72,7.92
7,72.0,0.72,5.04
43,72.0,0.72,30.959999999999997
49,72.0,0.72,35.28
54,72.0,0.72,38.879999999999995
45,72.0,0.72,32.4
35,72.0,0.72,25.2
12,72.0,0.72,8.64
5,72.0,0.72,3.5999999999999996
33,72.0,0.72,23.759999999999998
38,72.0,0.72,27.36
43,72.0,0.72,30.959999999999997
34,72.0,0.72,24.48
31,72.0,0.72,22.32
11,72.0,0.72,7.92
6,72.0,0.72,4.32
10,72.0,0.72,7.199999999999999
30,72.0,0.72,21.599999999999998
32,72.0,0.72,23.04
35,72.0,0.72,25.2
37,72.0,0.72,26.64
7,72.0,0.72,5.04
6,72.0,0.72,4.32
29,72.0,0.72,20.88
35,72.0,0.72,25.2
48,72.0,0.72,34.56
100,72.0,0.72,72.0
100,61.0,0.61,61.0
17,61.0,0.61,10.37
7,61.0,0.61,4.27
37,61.0,0.61,22.57
41,61.0,0.61,25.009999999999998
33,61.0,0.61,20.13
33,61.0,0.61,20.13
37,61.0,0.61,22.57
11,61.0,0.61,6.71
8,61.0,0.61,4.88
29,61.0,0.61,17.69
33,61.0,0.61,20.13
41,61.0,0.61,25.009999999999998
37,61.0,0.61,22.57
35,61.0,0.61,21.349999999999998
12,61.0,0.61,7.32
6,61.0,0.61,3.66
13,61.0,0.61,7.93
33,61.0,0.61,20.13
29,61.0,0.61,17.69
29,61.0,0.61,17.69
30,61.0,0.61,18.3
12,61.0,0.61,7.32
9,61.0,0.61,5.49
29,61.0,0.61,17.69
32,61.0,0.61,19.52
30,61.0,0.61,18.3
29,61.0,0.61,17.69
78,57.0,0.57,44.459999999999994
31,57.0,0.57,17.669999999999998
27,57.0,0.57,15.389999999999999
81,57.0,0.57,46.169999999999995
80,57.0,0.57,45.599999999999994
77,57.0,0.57,43.88999999999999
70,57.0,0.57,39.9
75,57.0,0.57,42.74999999999999
28,57.0,0.57,15.959999999999999
24,57.0,0.57,13.68
73,57.0,0.57,41.61
85,57.0,0.57,48.449999999999996
70,57.0,0.57,39.9
73,57.0,0.57,41.61
80,57.0,0.57,45.599999999999994
28,57.0,0.57,15.959999999999999
25,57.0,0.57,14.249999999999998
80,57.0,0.57,45.599999999999994
100,57.0,0.57,56.99999999999999
97,57.0,0.57,55.28999999999999
100,57.0,0.57,56.99999999999999
85,57.0,0.57,48.449999999999996
35,57.0,0.57,19.95
20,57.0,0.57,11.399999999999999
78,57.0,0.57,44.459999999999994
89,57.0,0.57,50.73
76,57.0,0.57,43.31999999999999
80,57.0,0.57,45.599999999999994
75,57.0,0.57,42.74999999999999
30,57.0,0.57,17.099999999999998
25,57.0,0.57,14.249999999999998
34,70.0,0.7,23.799999999999997
37,70.0,0.7,25.9
41,70.0,0.7,28.7
43,70.0,0.7,30.099999999999998
37,70.0,0.7,25.9
16,70.0,0.7,11.2
10,70.0,0.7,7.0
34,70.0,0.7,23.799999999999997
34,70.0,0.7,23.799999999999997
32,70.0,0.7,22.4
35,70.0,0.7,24.5
36,70.0,0.7,25.2
12,70.0,0.7,8.399999999999999
10,70.0,0.7,7.0
29,70.0,0.7,20.299999999999997
36,70.0,0.7,25.2
37,70.0,0.7,25.9
34,70.0,0.7,23.799999999999997
16,70.0,0.7,11.2
11,70.0,0.7,7.699999999999999
11,70.0,0.7,7.699999999999999
38,70.0,0.7,26.599999999999998
51,70.0,0.7,35.699999999999996
52,70.0,0.7,36.4
100,70.0,0.7,70.0
76,70.0,0.7,53.199999999999996
20,70.0,0.7,14.0
14,70.0,0.7,9.799999999999999
45,70.0,0.7,31.499999999999996
42,70.0,0.7,29.4
64,63.0,0.63,40.32
61,63.0,0.63,38.43
100,63.0,0.63,63.0
30,63.0,0.63,18.9
20,63.0,0.63,12.6
78,63.0,0.63,49.14
81,63.0,0.63,51.03
60,63.0,0.63,37.8
65,63.0,0.63,40.95
69,63.0,0.63,43.47
28,63.0,0.63,17.64
19,63.0,0.63,11.97
74,63.0,0.63,46.62
67,63.0,0.63,42.21
68,63.0,0.63,42.84
77,63.0,0.63,48.51
66,63.0,0.63,41.58
27,63.0,0.63,17.01
20,63.0,0.63,12.6
53,63.0,0.63,33.39
71,63.0,0.63,44.73
56,63.0,0.63,35.28
58,63.0,0.63,36.54
63,63.0,0.63,39.69
20,63.0,0.63,12.6
23,63.0,0.63,14.49
24,63.0,0.63,15.120000000000001
54,63.0,0.63,34.02
56,63.0,0.63,35.28
54,63.0,0.63,34.02
59,63.0,0.63,37.17
31,50.0,0.5,15.5
22,50.0,0.5,11.0
95,50.0,0.5,47.5
100,50.0,0.5,50.0
77,50.0,0.5,38.5
75,50.0,0.5,37.5
76,50.0,0.5,38.0
32,50.0,0.5,16.0
21,50.0,0.5,10.5
77,50.0,0.5,38.5
71,50.0,0.5,35.5
68,50.0,0.5,34.0
67,50.0,0.5,33.5
52,50.0,0.5,26.0
23,50.0,0.5,11.5
17,50.0,0.5,8.5
62,50.0,0.5,31.0
67,50.0,0.5,33.5
71,50.0,0.5,35.5
68,50.0,0.5,34.0
61,50.0,0.5,30.5
16,50.0,0.5,8.0
12,50.0,0.5,6.0
52,50.0,0.5,26.0
57,50.0,0.5,28.5
51,50.0,0.5,25.5
53,50.0,0.5,26.5
50,50.0,0.5,25.0
12,50.0,0.5,6.0
10,50.0,0.5,5.0
45,53.0,0.53,23.85
37,53.0,0.53,19.61
38,53.0,0.53,20.14
14,53.0,0.53,7.42
36,53.0,0.53,19.080000000000002
11,53.0,0.53,5.83
6,53.0,0.53,3.18
43,53.0,0.53,22.790000000000003
47,53.0,0.53,24.91
65,53.0,0.53,34.45
56,53.0,0.53,29.68
47,53.0,0.53,24.91
16,53.0,0.53,8.48
7,53.0,0.53,3.71
51,53.0,0.53,27.03
48,53.0,0.53,25.44
49,53.0,0.53,25.970000000000002
43,53.0,0.53,22.790000000000003
40,53.0,0.53,21.200000000000003
8,53.0,0.53,4.24
7,53.0,0.53,3.71
42,53.0,0.53,22.26
57,53.0,0.53,30.21
56,53.0,0.53,29.68
100,53.0,0.53,53.0
88,53.0,0.53,46.64
13,53.0,0.53,6.890000000000001
10,53.0,0.53,5.300000000000001
44,53.0,0.53,23.32
50,53.0,0.53,26.5
48,53.0,0.53,25.44
91,44.0,0.44,40.04
70,44.0,0.44,30.8
15,44.0,0.44,6.6
13,44.0,0.44,5.72
100,44.0,0.44,44.0
99,44.0,0.44,43.56
85,44.0,0.44,37.4
85,44.0,0.44,37.4
63,44.0,0.44,27.72
15,44.0,0.44,6.6
12,44.0,0.44,5.28
63,44.0,0.44,27.72
72,44.0,0.44,31.68
95,44.0,0.44,41.8
90,44.0,0.44,39.6
75,44.0,0.44,33.0
19,44.0,0.44,8.36
10,44.0,0.44,4.4
66,44.0,0.44,29.04
58,44.0,0.44,25.52
66,44.0,0.44,29.04
55,44.0,0.44,24.2
66,44.0,0.44,29.04
18,44.0,0.44,7.92
14,44.0,0.44,6.16
61,44.0,0.44,26.84
65,44.0,0.44,28.6
58,44.0,0.44,25.52
58,44.0,0.44,25.52
55,44.0,0.44,24.2
13,44.0,0.44,5.72
11,33.0,0.33,3.6300000000000003
15,33.0,0.33,4.95
93,33.0,0.33,30.69
90,33.0,0.33,29.700000000000003
93,33.0,0.33,30.69
86,33.0,0.33,28.380000000000003
22,33.0,0.33,7.260000000000001
19,33.0,0.33,6.2700000000000005
86,33.0,0.33,28.380000000000003
71,33.0,0.33,23.43
78,33.0,0.33,25.740000000000002
100,33.0,0.33,33.0
75,33.0,0.33,24.75
19,33.0,0.33,6.2700000000000005
13,33.0,0.33,4.29
67,33.0,0.33,22.11
71,33.0,0.33,23.43
69,33.0,0.33,22.77
74,33.0,0.33,24.42
73,33.0,0.33,24.09
20,33.0,0.33,6.6000000000000005
16,33.0,0.33,5.28
77,33.0,0.33,25.41
80,33.0,0.33,26.400000000000002
89,33.0,0.33,29.37
88,33.0,0.33,29.040000000000003
82,33.0,0.33,27.060000000000002
19,33.0,0.33,6.2700000000000005
14,33.0,0.33,4.62
86,33.0,0.33,28.380000000000003
21,45.0,0.45,9.450000000000001
25,45.0,0.45,11.25
24,45.0,0.45,10.8
20,45.0,0.45,9.0
5,45.0,0.45,2.25
4,45.0,0.45,1.8
21,45.0,0.45,9.450000000000001
21,45.0,0.45,9.450000000000001
24,45.0,0.45,10.8
23,45.0,0.45,10.35
23,45.0,0.45,10.35
7,45.0,0.45,3.15
5,45.0,0.45,2.25
19,45.0,0.45,8.55
26,45.0,0.45,11.700000000000001
24,45.0,0.45,10.8
24,45.0,0.45,10.8
20,45.0,0.45,9.0
6,45.0,0.45,2.7
3,45.0,0.45,1.35
25,45.0,0.45,11.25
27,45.0,0.45,12.15
25,45.0,0.45,11.25
77,45.0,0.45,34.65
100,45.0,0.45,45.0
18,45.0,0.45,8.1
7,45.0,0.45,3.15
33,45.0,0.45,14.85
26,45.0,0.45,11.700000000000001
24,45.0,0.45,10.8
23,45.0,0.45,10.35
100,32.0,0.32,32.0
24,32.0,0.32,7.68
13,32.0,0.32,4.16
92,32.0,0.32,29.44
96,32.0,0.32,30.72
86,32.0,0.32,27.52
93,32.0,0.32,29.76
84,32.0,0.32,26.88
28,32.0,0.32,8.96
13,32.0,0.32,4.16
70,32.0,0.32,22.400000000000002
72,32.0,0.32,23.04
90,32.0,0.32,28.8
87,32.0,0.32,27.84
93,32.0,0.32,29.76
30,32.0,0.32,9.6
15,32.0,0.32,4.8
93,32.0,0.32,29.76
84,32.0,0.32,26.88
78,32.0,0.32,24.96
77,32.0,0.32,24.64
72,32.0,0.32,23.04
20,32.0,0.32,6.4
14,32.0,0.32,4.48
83,32.0,0.32,26.560000000000002
97,32.0,0.32,31.04
83,32.0,0.32,26.560000000000002
26,32.0,0.32,8.32
64,32.0,0.32,20.48
25,32.0,0.32,8.0
18,34.0,0.34,6.12
100,34.0,0.34,34.0
93,34.0,0.34,31.62
90,34.0,0.34,30.6
